ISO-10303-21;
HEADER;
/* Generated by software containing ST-Developer
 * from STEP Tools, Inc. (www.steptools.com) 
 */
/* OPTION: strings as raw bytes, not using required /X/ escapes */

FILE_DESCRIPTION(
/* description */ ('Unknown'),
/* implementation_level */ '2;1');

FILE_NAME(
/* name */ 'PRT-13113',
/* time_stamp */ '2023-05-09T16:52:07+02:00',
/* author */ ('Unknown'),
/* organization */ ('Unknown'),
/* preprocessor_version */ 'ST-DEVELOPER v18.102',
/* originating_system */ 'Solid Edge',
/* authorisation */ 'Unknown');

FILE_SCHEMA (('AUTOMOTIVE_DESIGN {1 0 10303 214 3 1 1}'));
ENDSEC;

DATA;
#10=PROPERTY_DEFINITION_REPRESENTATION(#14,#12);
#11=PROPERTY_DEFINITION_REPRESENTATION(#15,#13);
#12=REPRESENTATION('',(#16),#3094);
#13=REPRESENTATION('',(#17),#3094);
#14=PROPERTY_DEFINITION('pmi validation property','',#3099);
#15=PROPERTY_DEFINITION('pmi validation property','',#3099);
#16=VALUE_REPRESENTATION_ITEM('number of annotations',COUNT_MEASURE(0.));
#17=VALUE_REPRESENTATION_ITEM('number of views',COUNT_MEASURE(0.));
#18=SHAPE_REPRESENTATION_RELATIONSHIP('','',#1823,#19);
#19=ADVANCED_BREP_SHAPE_REPRESENTATION('',(#1821),#3094);
#20=B_SPLINE_CURVE_WITH_KNOTS('',3,(#3071,#3072,#3073,#3074),
 .UNSPECIFIED.,.F.,.F.,(4,4),(0.,0.000473566464250036),.UNSPECIFIED.);
#21=B_SPLINE_CURVE_WITH_KNOTS('',3,(#3075,#3076,#3077,#3078),
 .UNSPECIFIED.,.F.,.F.,(4,4),(0.,0.000474651717789056),.UNSPECIFIED.);
#22=B_SPLINE_CURVE_WITH_KNOTS('',3,(#3080,#3081,#3082,#3083),
 .UNSPECIFIED.,.F.,.F.,(4,4),(0.,0.000473564310449108),.UNSPECIFIED.);
#23=B_SPLINE_CURVE_WITH_KNOTS('',3,(#3084,#3085,#3086,#3087),
 .UNSPECIFIED.,.F.,.F.,(4,4),(0.,0.000474661310500198),.UNSPECIFIED.);
#24=TOROIDAL_SURFACE('',#1949,2.375,0.299999999999999);
#25=TOROIDAL_SURFACE('',#1950,2.7087843039373,0.552499999999993);
#26=CONICAL_SURFACE('',#1945,0.,1.4762207347787);
#27=VERTEX_LOOP('',#1088);
#28=VERTEX_LOOP('',#1090);
#29=DEGENERATE_TOROIDAL_SURFACE('',#1943,0.0751584874519205,2.68903403076766,
 .F.);
#30=DEGENERATE_TOROIDAL_SURFACE('',#1947,0.0751584874519205,2.38903403076766,
 .F.);
#31=ELLIPSE('',#1924,2.91105531025562,2.68374999999998);
#32=ELLIPSE('',#1925,2.91105531025562,2.68374999999998);
#33=ELLIPSE('',#1936,2.91105531025562,2.68374999999998);
#34=ELLIPSE('',#1937,2.91105531025562,2.68374999999998);
#35=CYLINDRICAL_SURFACE('',#1863,8.25256497446738);
#36=CYLINDRICAL_SURFACE('',#1865,0.864541810871455);
#37=CYLINDRICAL_SURFACE('',#1874,1.16454181087145);
#38=CYLINDRICAL_SURFACE('',#1876,7.95256497446738);
#39=CYLINDRICAL_SURFACE('',#1878,0.951455332497802);
#40=CYLINDRICAL_SURFACE('',#1881,0.955815970484089);
#41=CYLINDRICAL_SURFACE('',#1883,0.955815970484089);
#42=CYLINDRICAL_SURFACE('',#1886,0.951455332497802);
#43=CYLINDRICAL_SURFACE('',#1888,7.95256497446738);
#44=CYLINDRICAL_SURFACE('',#1890,1.16454181087145);
#45=CYLINDRICAL_SURFACE('',#1899,0.864541810871455);
#46=CYLINDRICAL_SURFACE('',#1901,8.25256497446738);
#47=CYLINDRICAL_SURFACE('',#1903,0.651455332497802);
#48=CYLINDRICAL_SURFACE('',#1906,1.25581597048409);
#49=CYLINDRICAL_SURFACE('',#1909,1.25581597048409);
#50=CYLINDRICAL_SURFACE('',#1913,0.651455332497802);
#51=CYLINDRICAL_SURFACE('',#1918,1.36445485937633);
#52=CYLINDRICAL_SURFACE('',#1938,1.06445485937633);
#53=CYLINDRICAL_SURFACE('',#1951,0.785);
#54=CYLINDRICAL_SURFACE('',#1953,0.75);
#55=CYLINDRICAL_SURFACE('',#1956,0.75);
#56=CYLINDRICAL_SURFACE('',#1958,0.75);
#57=CYLINDRICAL_SURFACE('',#1961,0.75);
#58=CYLINDRICAL_SURFACE('',#1962,0.75);
#59=CYLINDRICAL_SURFACE('',#1965,0.75);
#60=CYLINDRICAL_SURFACE('',#1994,0.75);
#61=CYLINDRICAL_SURFACE('',#1995,0.75);
#62=CYLINDRICAL_SURFACE('',#1996,0.75);
#63=CYLINDRICAL_SURFACE('',#1997,0.75);
#64=CYLINDRICAL_SURFACE('',#1998,0.75);
#65=CYLINDRICAL_SURFACE('',#1999,0.75);
#66=CYLINDRICAL_SURFACE('',#2000,1.219625);
#67=CYLINDRICAL_SURFACE('',#2001,1.219625);
#68=CYLINDRICAL_SURFACE('',#2002,1.219625);
#69=CYLINDRICAL_SURFACE('',#2003,1.219625);
#70=CYLINDRICAL_SURFACE('',#2004,2.68374999999998);
#71=CYLINDRICAL_SURFACE('',#2005,2.68374999999998);
#72=CYLINDRICAL_SURFACE('',#2006,1.19200000000001);
#73=CYLINDRICAL_SURFACE('',#2007,1.19200000000001);
#74=CYLINDRICAL_SURFACE('',#2008,0.15);
#75=CYLINDRICAL_SURFACE('',#2009,0.15);
#76=CYLINDRICAL_SURFACE('',#2010,0.15);
#77=CIRCLE('',#1826,0.15);
#78=CIRCLE('',#1828,0.15);
#79=CIRCLE('',#1830,0.15);
#80=CIRCLE('',#1832,0.75);
#81=CIRCLE('',#1833,0.75);
#82=CIRCLE('',#1834,0.75);
#83=CIRCLE('',#1835,0.75);
#84=CIRCLE('',#1836,0.75);
#85=CIRCLE('',#1837,0.75);
#86=CIRCLE('',#1839,0.75);
#87=CIRCLE('',#1840,0.75);
#88=CIRCLE('',#1841,0.75);
#89=CIRCLE('',#1842,0.75);
#90=CIRCLE('',#1843,0.75);
#91=CIRCLE('',#1844,0.75);
#92=CIRCLE('',#1846,0.864541810871455);
#93=CIRCLE('',#1847,8.25256497446738);
#94=CIRCLE('',#1848,0.651455332497802);
#95=CIRCLE('',#1849,1.25581597048409);
#96=CIRCLE('',#1850,0.955815970484089);
#97=CIRCLE('',#1851,0.951455332497802);
#98=CIRCLE('',#1852,7.95256497446738);
#99=CIRCLE('',#1853,1.16454181087145);
#100=CIRCLE('',#1855,1.16454181087145);
#101=CIRCLE('',#1856,7.95256497446738);
#102=CIRCLE('',#1857,0.951455332497802);
#103=CIRCLE('',#1858,0.955815970484089);
#104=CIRCLE('',#1859,1.25581597048409);
#105=CIRCLE('',#1860,0.651455332497802);
#106=CIRCLE('',#1861,8.25256497446738);
#107=CIRCLE('',#1862,0.864541810871455);
#108=CIRCLE('',#1864,8.25256497446738);
#109=CIRCLE('',#1866,0.864541810871455);
#110=CIRCLE('',#1868,1.219625);
#111=CIRCLE('',#1869,1.219625);
#112=CIRCLE('',#1872,1.219625);
#113=CIRCLE('',#1873,1.219625);
#114=CIRCLE('',#1875,1.16454181087145);
#115=CIRCLE('',#1877,7.95256497446738);
#116=CIRCLE('',#1879,0.951455332497802);
#117=CIRCLE('',#1882,0.955815970484089);
#118=CIRCLE('',#1884,0.955815970484089);
#119=CIRCLE('',#1887,0.951455332497802);
#120=CIRCLE('',#1889,7.95256497446738);
#121=CIRCLE('',#1891,1.16454181087145);
#122=CIRCLE('',#1893,1.219625);
#123=CIRCLE('',#1894,1.219625);
#124=CIRCLE('',#1897,1.219625);
#125=CIRCLE('',#1898,1.219625);
#126=CIRCLE('',#1900,0.864541810871455);
#127=CIRCLE('',#1902,8.25256497446738);
#128=CIRCLE('',#1904,0.651455332497802);
#129=CIRCLE('',#1907,1.25581597048409);
#130=CIRCLE('',#1908,1.25581597048409);
#131=CIRCLE('',#1910,1.25581597048409);
#132=CIRCLE('',#1911,1.25581597048409);
#133=CIRCLE('',#1914,0.651455332497802);
#134=CIRCLE('',#1919,1.36445485937633);
#135=CIRCLE('',#1920,1.36445485937633);
#136=CIRCLE('',#1922,0.785);
#137=CIRCLE('',#1923,2.375);
#138=CIRCLE('',#1927,2.68374999999998);
#139=CIRCLE('',#1928,2.68374999999998);
#140=CIRCLE('',#1931,2.68374999999998);
#141=CIRCLE('',#1932,2.68374999999998);
#142=CIRCLE('',#1934,0.785);
#143=CIRCLE('',#1935,2.7087843039373);
#144=CIRCLE('',#1939,1.06445485937633);
#145=CIRCLE('',#1940,1.06445485937633);
#146=CIRCLE('',#1944,2.23427798142361);
#147=CIRCLE('',#1946,0.300000000000001);
#148=CIRCLE('',#1948,2.10164996507101);
#149=CIRCLE('',#1955,0.15);
#150=CIRCLE('',#1960,0.15);
#151=CIRCLE('',#1964,0.15);
#152=CIRCLE('',#1970,0.75);
#153=CIRCLE('',#1971,0.75);
#154=CIRCLE('',#1974,0.75);
#155=CIRCLE('',#1975,0.75);
#156=CIRCLE('',#1978,0.75);
#157=CIRCLE('',#1979,0.75);
#158=CIRCLE('',#1982,0.75);
#159=CIRCLE('',#1983,0.75);
#160=CIRCLE('',#1987,0.75);
#161=CIRCLE('',#1988,0.75);
#162=CIRCLE('',#1991,0.75);
#163=CIRCLE('',#1992,0.75);
#164=ORIENTED_EDGE('',*,*,#684,.F.);
#165=ORIENTED_EDGE('',*,*,#685,.T.);
#166=ORIENTED_EDGE('',*,*,#686,.T.);
#167=ORIENTED_EDGE('',*,*,#687,.T.);
#168=ORIENTED_EDGE('',*,*,#688,.T.);
#169=ORIENTED_EDGE('',*,*,#689,.F.);
#170=ORIENTED_EDGE('',*,*,#690,.T.);
#171=ORIENTED_EDGE('',*,*,#691,.T.);
#172=ORIENTED_EDGE('',*,*,#692,.F.);
#173=ORIENTED_EDGE('',*,*,#693,.F.);
#174=ORIENTED_EDGE('',*,*,#694,.F.);
#175=ORIENTED_EDGE('',*,*,#695,.T.);
#176=ORIENTED_EDGE('',*,*,#696,.T.);
#177=ORIENTED_EDGE('',*,*,#697,.T.);
#178=ORIENTED_EDGE('',*,*,#698,.T.);
#179=ORIENTED_EDGE('',*,*,#699,.F.);
#180=ORIENTED_EDGE('',*,*,#700,.T.);
#181=ORIENTED_EDGE('',*,*,#687,.F.);
#182=ORIENTED_EDGE('',*,*,#701,.F.);
#183=ORIENTED_EDGE('',*,*,#702,.F.);
#184=ORIENTED_EDGE('',*,*,#703,.F.);
#185=ORIENTED_EDGE('',*,*,#704,.F.);
#186=ORIENTED_EDGE('',*,*,#705,.T.);
#187=ORIENTED_EDGE('',*,*,#697,.F.);
#188=ORIENTED_EDGE('',*,*,#706,.F.);
#189=ORIENTED_EDGE('',*,*,#707,.F.);
#190=ORIENTED_EDGE('',*,*,#708,.F.);
#191=ORIENTED_EDGE('',*,*,#692,.T.);
#192=ORIENTED_EDGE('',*,*,#709,.T.);
#193=ORIENTED_EDGE('',*,*,#710,.T.);
#194=ORIENTED_EDGE('',*,*,#711,.T.);
#195=ORIENTED_EDGE('',*,*,#712,.T.);
#196=ORIENTED_EDGE('',*,*,#713,.T.);
#197=ORIENTED_EDGE('',*,*,#714,.F.);
#198=ORIENTED_EDGE('',*,*,#715,.F.);
#199=ORIENTED_EDGE('',*,*,#716,.T.);
#200=ORIENTED_EDGE('',*,*,#717,.F.);
#201=ORIENTED_EDGE('',*,*,#718,.F.);
#202=ORIENTED_EDGE('',*,*,#719,.T.);
#203=ORIENTED_EDGE('',*,*,#720,.T.);
#204=ORIENTED_EDGE('',*,*,#721,.T.);
#205=ORIENTED_EDGE('',*,*,#722,.F.);
#206=ORIENTED_EDGE('',*,*,#723,.F.);
#207=ORIENTED_EDGE('',*,*,#685,.F.);
#208=ORIENTED_EDGE('',*,*,#724,.F.);
#209=ORIENTED_EDGE('',*,*,#725,.F.);
#210=ORIENTED_EDGE('',*,*,#726,.F.);
#211=ORIENTED_EDGE('',*,*,#727,.F.);
#212=ORIENTED_EDGE('',*,*,#728,.F.);
#213=ORIENTED_EDGE('',*,*,#729,.T.);
#214=ORIENTED_EDGE('',*,*,#730,.T.);
#215=ORIENTED_EDGE('',*,*,#731,.T.);
#216=ORIENTED_EDGE('',*,*,#732,.T.);
#217=ORIENTED_EDGE('',*,*,#733,.T.);
#218=ORIENTED_EDGE('',*,*,#734,.T.);
#219=ORIENTED_EDGE('',*,*,#735,.T.);
#220=ORIENTED_EDGE('',*,*,#689,.T.);
#221=ORIENTED_EDGE('',*,*,#736,.F.);
#222=ORIENTED_EDGE('',*,*,#737,.F.);
#223=ORIENTED_EDGE('',*,*,#738,.F.);
#224=ORIENTED_EDGE('',*,*,#739,.T.);
#225=ORIENTED_EDGE('',*,*,#740,.T.);
#226=ORIENTED_EDGE('',*,*,#741,.F.);
#227=ORIENTED_EDGE('',*,*,#742,.F.);
#228=ORIENTED_EDGE('',*,*,#743,.T.);
#229=ORIENTED_EDGE('',*,*,#744,.F.);
#230=ORIENTED_EDGE('',*,*,#695,.F.);
#231=ORIENTED_EDGE('',*,*,#745,.F.);
#232=ORIENTED_EDGE('',*,*,#746,.F.);
#233=ORIENTED_EDGE('',*,*,#747,.F.);
#234=ORIENTED_EDGE('',*,*,#748,.F.);
#235=ORIENTED_EDGE('',*,*,#749,.F.);
#236=ORIENTED_EDGE('',*,*,#750,.F.);
#237=ORIENTED_EDGE('',*,*,#751,.F.);
#238=ORIENTED_EDGE('',*,*,#752,.T.);
#239=ORIENTED_EDGE('',*,*,#753,.F.);
#240=ORIENTED_EDGE('',*,*,#754,.F.);
#241=ORIENTED_EDGE('',*,*,#755,.F.);
#242=ORIENTED_EDGE('',*,*,#756,.F.);
#243=ORIENTED_EDGE('',*,*,#757,.F.);
#244=ORIENTED_EDGE('',*,*,#758,.F.);
#245=ORIENTED_EDGE('',*,*,#759,.F.);
#246=ORIENTED_EDGE('',*,*,#716,.F.);
#247=ORIENTED_EDGE('',*,*,#760,.F.);
#248=ORIENTED_EDGE('',*,*,#761,.F.);
#249=ORIENTED_EDGE('',*,*,#762,.F.);
#250=ORIENTED_EDGE('',*,*,#763,.F.);
#251=ORIENTED_EDGE('',*,*,#764,.F.);
#252=ORIENTED_EDGE('',*,*,#765,.F.);
#253=ORIENTED_EDGE('',*,*,#766,.T.);
#254=ORIENTED_EDGE('',*,*,#767,.F.);
#255=ORIENTED_EDGE('',*,*,#768,.F.);
#256=ORIENTED_EDGE('',*,*,#769,.F.);
#257=ORIENTED_EDGE('',*,*,#770,.F.);
#258=ORIENTED_EDGE('',*,*,#771,.F.);
#259=ORIENTED_EDGE('',*,*,#772,.F.);
#260=ORIENTED_EDGE('',*,*,#720,.F.);
#261=ORIENTED_EDGE('',*,*,#773,.T.);
#262=ORIENTED_EDGE('',*,*,#774,.F.);
#263=ORIENTED_EDGE('',*,*,#775,.F.);
#264=ORIENTED_EDGE('',*,*,#776,.F.);
#265=ORIENTED_EDGE('',*,*,#777,.F.);
#266=ORIENTED_EDGE('',*,*,#778,.F.);
#267=ORIENTED_EDGE('',*,*,#779,.F.);
#268=ORIENTED_EDGE('',*,*,#780,.F.);
#269=ORIENTED_EDGE('',*,*,#755,.T.);
#270=ORIENTED_EDGE('',*,*,#781,.T.);
#271=ORIENTED_EDGE('',*,*,#782,.F.);
#272=ORIENTED_EDGE('',*,*,#781,.F.);
#273=ORIENTED_EDGE('',*,*,#754,.T.);
#274=ORIENTED_EDGE('',*,*,#783,.T.);
#275=ORIENTED_EDGE('',*,*,#784,.T.);
#276=ORIENTED_EDGE('',*,*,#785,.T.);
#277=ORIENTED_EDGE('',*,*,#786,.F.);
#278=ORIENTED_EDGE('',*,*,#783,.F.);
#279=ORIENTED_EDGE('',*,*,#753,.T.);
#280=ORIENTED_EDGE('',*,*,#787,.T.);
#281=ORIENTED_EDGE('',*,*,#788,.T.);
#282=ORIENTED_EDGE('',*,*,#789,.T.);
#283=ORIENTED_EDGE('',*,*,#784,.F.);
#284=ORIENTED_EDGE('',*,*,#790,.T.);
#285=ORIENTED_EDGE('',*,*,#791,.F.);
#286=ORIENTED_EDGE('',*,*,#792,.T.);
#287=ORIENTED_EDGE('',*,*,#788,.F.);
#288=ORIENTED_EDGE('',*,*,#793,.T.);
#289=ORIENTED_EDGE('',*,*,#751,.T.);
#290=ORIENTED_EDGE('',*,*,#794,.T.);
#291=ORIENTED_EDGE('',*,*,#795,.F.);
#292=ORIENTED_EDGE('',*,*,#794,.F.);
#293=ORIENTED_EDGE('',*,*,#764,.T.);
#294=ORIENTED_EDGE('',*,*,#796,.T.);
#295=ORIENTED_EDGE('',*,*,#797,.F.);
#296=ORIENTED_EDGE('',*,*,#796,.F.);
#297=ORIENTED_EDGE('',*,*,#763,.T.);
#298=ORIENTED_EDGE('',*,*,#798,.T.);
#299=ORIENTED_EDGE('',*,*,#799,.F.);
#300=ORIENTED_EDGE('',*,*,#798,.F.);
#301=ORIENTED_EDGE('',*,*,#762,.T.);
#302=ORIENTED_EDGE('',*,*,#800,.T.);
#303=ORIENTED_EDGE('',*,*,#801,.F.);
#304=ORIENTED_EDGE('',*,*,#800,.F.);
#305=ORIENTED_EDGE('',*,*,#761,.T.);
#306=ORIENTED_EDGE('',*,*,#802,.T.);
#307=ORIENTED_EDGE('',*,*,#803,.F.);
#308=ORIENTED_EDGE('',*,*,#802,.F.);
#309=ORIENTED_EDGE('',*,*,#760,.T.);
#310=ORIENTED_EDGE('',*,*,#715,.T.);
#311=ORIENTED_EDGE('',*,*,#804,.F.);
#312=ORIENTED_EDGE('',*,*,#721,.F.);
#313=ORIENTED_EDGE('',*,*,#772,.T.);
#314=ORIENTED_EDGE('',*,*,#805,.T.);
#315=ORIENTED_EDGE('',*,*,#806,.F.);
#316=ORIENTED_EDGE('',*,*,#805,.F.);
#317=ORIENTED_EDGE('',*,*,#771,.T.);
#318=ORIENTED_EDGE('',*,*,#807,.T.);
#319=ORIENTED_EDGE('',*,*,#808,.F.);
#320=ORIENTED_EDGE('',*,*,#807,.F.);
#321=ORIENTED_EDGE('',*,*,#770,.T.);
#322=ORIENTED_EDGE('',*,*,#809,.T.);
#323=ORIENTED_EDGE('',*,*,#810,.F.);
#324=ORIENTED_EDGE('',*,*,#809,.F.);
#325=ORIENTED_EDGE('',*,*,#769,.T.);
#326=ORIENTED_EDGE('',*,*,#811,.T.);
#327=ORIENTED_EDGE('',*,*,#812,.F.);
#328=ORIENTED_EDGE('',*,*,#811,.F.);
#329=ORIENTED_EDGE('',*,*,#768,.T.);
#330=ORIENTED_EDGE('',*,*,#813,.T.);
#331=ORIENTED_EDGE('',*,*,#814,.T.);
#332=ORIENTED_EDGE('',*,*,#815,.T.);
#333=ORIENTED_EDGE('',*,*,#816,.F.);
#334=ORIENTED_EDGE('',*,*,#813,.F.);
#335=ORIENTED_EDGE('',*,*,#767,.T.);
#336=ORIENTED_EDGE('',*,*,#817,.T.);
#337=ORIENTED_EDGE('',*,*,#818,.T.);
#338=ORIENTED_EDGE('',*,*,#819,.T.);
#339=ORIENTED_EDGE('',*,*,#814,.F.);
#340=ORIENTED_EDGE('',*,*,#820,.T.);
#341=ORIENTED_EDGE('',*,*,#821,.F.);
#342=ORIENTED_EDGE('',*,*,#822,.T.);
#343=ORIENTED_EDGE('',*,*,#818,.F.);
#344=ORIENTED_EDGE('',*,*,#823,.T.);
#345=ORIENTED_EDGE('',*,*,#765,.T.);
#346=ORIENTED_EDGE('',*,*,#824,.T.);
#347=ORIENTED_EDGE('',*,*,#825,.F.);
#348=ORIENTED_EDGE('',*,*,#824,.F.);
#349=ORIENTED_EDGE('',*,*,#778,.T.);
#350=ORIENTED_EDGE('',*,*,#826,.T.);
#351=ORIENTED_EDGE('',*,*,#827,.F.);
#352=ORIENTED_EDGE('',*,*,#826,.F.);
#353=ORIENTED_EDGE('',*,*,#777,.T.);
#354=ORIENTED_EDGE('',*,*,#828,.T.);
#355=ORIENTED_EDGE('',*,*,#829,.F.);
#356=ORIENTED_EDGE('',*,*,#828,.F.);
#357=ORIENTED_EDGE('',*,*,#776,.T.);
#358=ORIENTED_EDGE('',*,*,#830,.T.);
#359=ORIENTED_EDGE('',*,*,#831,.F.);
#360=ORIENTED_EDGE('',*,*,#830,.F.);
#361=ORIENTED_EDGE('',*,*,#775,.T.);
#362=ORIENTED_EDGE('',*,*,#832,.T.);
#363=ORIENTED_EDGE('',*,*,#833,.F.);
#364=ORIENTED_EDGE('',*,*,#832,.F.);
#365=ORIENTED_EDGE('',*,*,#774,.T.);
#366=ORIENTED_EDGE('',*,*,#834,.T.);
#367=ORIENTED_EDGE('',*,*,#737,.T.);
#368=ORIENTED_EDGE('',*,*,#835,.F.);
#369=ORIENTED_EDGE('',*,*,#743,.F.);
#370=ORIENTED_EDGE('',*,*,#836,.T.);
#371=ORIENTED_EDGE('',*,*,#758,.T.);
#372=ORIENTED_EDGE('',*,*,#837,.T.);
#373=ORIENTED_EDGE('',*,*,#838,.F.);
#374=ORIENTED_EDGE('',*,*,#837,.F.);
#375=ORIENTED_EDGE('',*,*,#757,.T.);
#376=ORIENTED_EDGE('',*,*,#839,.T.);
#377=ORIENTED_EDGE('',*,*,#840,.F.);
#378=ORIENTED_EDGE('',*,*,#839,.F.);
#379=ORIENTED_EDGE('',*,*,#756,.T.);
#380=ORIENTED_EDGE('',*,*,#780,.T.);
#381=ORIENTED_EDGE('',*,*,#786,.T.);
#382=ORIENTED_EDGE('',*,*,#841,.T.);
#383=ORIENTED_EDGE('',*,*,#791,.T.);
#384=ORIENTED_EDGE('',*,*,#795,.T.);
#385=ORIENTED_EDGE('',*,*,#797,.T.);
#386=ORIENTED_EDGE('',*,*,#799,.T.);
#387=ORIENTED_EDGE('',*,*,#801,.T.);
#388=ORIENTED_EDGE('',*,*,#803,.T.);
#389=ORIENTED_EDGE('',*,*,#714,.T.);
#390=ORIENTED_EDGE('',*,*,#804,.T.);
#391=ORIENTED_EDGE('',*,*,#806,.T.);
#392=ORIENTED_EDGE('',*,*,#808,.T.);
#393=ORIENTED_EDGE('',*,*,#810,.T.);
#394=ORIENTED_EDGE('',*,*,#812,.T.);
#395=ORIENTED_EDGE('',*,*,#816,.T.);
#396=ORIENTED_EDGE('',*,*,#842,.T.);
#397=ORIENTED_EDGE('',*,*,#821,.T.);
#398=ORIENTED_EDGE('',*,*,#825,.T.);
#399=ORIENTED_EDGE('',*,*,#827,.T.);
#400=ORIENTED_EDGE('',*,*,#829,.T.);
#401=ORIENTED_EDGE('',*,*,#831,.T.);
#402=ORIENTED_EDGE('',*,*,#833,.T.);
#403=ORIENTED_EDGE('',*,*,#736,.T.);
#404=ORIENTED_EDGE('',*,*,#835,.T.);
#405=ORIENTED_EDGE('',*,*,#838,.T.);
#406=ORIENTED_EDGE('',*,*,#840,.T.);
#407=ORIENTED_EDGE('',*,*,#779,.T.);
#408=ORIENTED_EDGE('',*,*,#782,.T.);
#409=ORIENTED_EDGE('',*,*,#836,.F.);
#410=ORIENTED_EDGE('',*,*,#742,.T.);
#411=ORIENTED_EDGE('',*,*,#843,.F.);
#412=ORIENTED_EDGE('',*,*,#834,.F.);
#413=ORIENTED_EDGE('',*,*,#844,.T.);
#414=ORIENTED_EDGE('',*,*,#738,.T.);
#415=ORIENTED_EDGE('',*,*,#845,.F.);
#416=ORIENTED_EDGE('',*,*,#740,.F.);
#417=ORIENTED_EDGE('',*,*,#846,.T.);
#418=ORIENTED_EDGE('',*,*,#847,.T.);
#419=ORIENTED_EDGE('',*,*,#848,.F.);
#420=ORIENTED_EDGE('',*,*,#849,.F.);
#421=ORIENTED_EDGE('',*,*,#850,.T.);
#422=ORIENTED_EDGE('',*,*,#851,.T.);
#423=ORIENTED_EDGE('',*,*,#852,.T.);
#424=ORIENTED_EDGE('',*,*,#853,.F.);
#425=ORIENTED_EDGE('',*,*,#847,.F.);
#426=ORIENTED_EDGE('',*,*,#854,.T.);
#427=ORIENTED_EDGE('',*,*,#855,.T.);
#428=ORIENTED_EDGE('',*,*,#856,.T.);
#429=ORIENTED_EDGE('',*,*,#857,.T.);
#430=ORIENTED_EDGE('',*,*,#858,.T.);
#431=ORIENTED_EDGE('',*,*,#858,.F.);
#432=ORIENTED_EDGE('',*,*,#859,.T.);
#433=ORIENTED_EDGE('',*,*,#860,.T.);
#434=ORIENTED_EDGE('',*,*,#861,.T.);
#435=ORIENTED_EDGE('',*,*,#862,.T.);
#436=ORIENTED_EDGE('',*,*,#863,.T.);
#437=ORIENTED_EDGE('',*,*,#864,.T.);
#438=ORIENTED_EDGE('',*,*,#860,.F.);
#439=ORIENTED_EDGE('',*,*,#865,.F.);
#440=ORIENTED_EDGE('',*,*,#866,.T.);
#441=ORIENTED_EDGE('',*,*,#867,.T.);
#442=ORIENTED_EDGE('',*,*,#868,.T.);
#443=ORIENTED_EDGE('',*,*,#869,.T.);
#444=ORIENTED_EDGE('',*,*,#870,.T.);
#445=ORIENTED_EDGE('',*,*,#871,.T.);
#446=ORIENTED_EDGE('',*,*,#872,.F.);
#447=ORIENTED_EDGE('',*,*,#873,.F.);
#448=ORIENTED_EDGE('',*,*,#871,.F.);
#449=ORIENTED_EDGE('',*,*,#874,.T.);
#450=ORIENTED_EDGE('',*,*,#718,.T.);
#451=ORIENTED_EDGE('',*,*,#870,.F.);
#452=ORIENTED_EDGE('',*,*,#875,.T.);
#453=ORIENTED_EDGE('',*,*,#854,.F.);
#454=ORIENTED_EDGE('',*,*,#846,.F.);
#455=ORIENTED_EDGE('',*,*,#739,.F.);
#456=ORIENTED_EDGE('',*,*,#844,.F.);
#457=ORIENTED_EDGE('',*,*,#773,.F.);
#458=ORIENTED_EDGE('',*,*,#719,.F.);
#459=ORIENTED_EDGE('',*,*,#874,.F.);
#460=ORIENTED_EDGE('',*,*,#853,.T.);
#461=ORIENTED_EDGE('',*,*,#876,.T.);
#462=ORIENTED_EDGE('',*,*,#872,.T.);
#463=ORIENTED_EDGE('',*,*,#873,.T.);
#464=ORIENTED_EDGE('',*,*,#717,.T.);
#465=ORIENTED_EDGE('',*,*,#759,.T.);
#466=ORIENTED_EDGE('',*,*,#843,.T.);
#467=ORIENTED_EDGE('',*,*,#741,.T.);
#468=ORIENTED_EDGE('',*,*,#845,.T.);
#469=ORIENTED_EDGE('',*,*,#877,.T.);
#470=ORIENTED_EDGE('',*,*,#878,.F.);
#471=ORIENTED_EDGE('',*,*,#879,.F.);
#472=ORIENTED_EDGE('',*,*,#878,.T.);
#473=ORIENTED_EDGE('',*,*,#849,.T.);
#474=ORIENTED_EDGE('',*,*,#879,.T.);
#475=ORIENTED_EDGE('',*,*,#866,.F.);
#476=ORIENTED_EDGE('',*,*,#877,.F.);
#477=ORIENTED_EDGE('',*,*,#848,.T.);
#478=ORIENTED_EDGE('',*,*,#865,.T.);
#479=ORIENTED_EDGE('',*,*,#880,.F.);
#480=ORIENTED_EDGE('',*,*,#730,.F.);
#481=ORIENTED_EDGE('',*,*,#881,.T.);
#482=ORIENTED_EDGE('',*,*,#712,.F.);
#483=ORIENTED_EDGE('',*,*,#881,.F.);
#484=ORIENTED_EDGE('',*,*,#729,.F.);
#485=ORIENTED_EDGE('',*,*,#693,.T.);
#486=ORIENTED_EDGE('',*,*,#713,.F.);
#487=ORIENTED_EDGE('',*,*,#882,.F.);
#488=ORIENTED_EDGE('',*,*,#732,.F.);
#489=ORIENTED_EDGE('',*,*,#883,.T.);
#490=ORIENTED_EDGE('',*,*,#710,.F.);
#491=ORIENTED_EDGE('',*,*,#884,.T.);
#492=ORIENTED_EDGE('',*,*,#883,.F.);
#493=ORIENTED_EDGE('',*,*,#731,.F.);
#494=ORIENTED_EDGE('',*,*,#880,.T.);
#495=ORIENTED_EDGE('',*,*,#711,.F.);
#496=ORIENTED_EDGE('',*,*,#702,.T.);
#497=ORIENTED_EDGE('',*,*,#885,.F.);
#498=ORIENTED_EDGE('',*,*,#722,.T.);
#499=ORIENTED_EDGE('',*,*,#886,.T.);
#500=ORIENTED_EDGE('',*,*,#701,.T.);
#501=ORIENTED_EDGE('',*,*,#686,.F.);
#502=ORIENTED_EDGE('',*,*,#723,.T.);
#503=ORIENTED_EDGE('',*,*,#885,.T.);
#504=ORIENTED_EDGE('',*,*,#727,.T.);
#505=ORIENTED_EDGE('',*,*,#887,.T.);
#506=ORIENTED_EDGE('',*,*,#888,.T.);
#507=ORIENTED_EDGE('',*,*,#699,.T.);
#508=ORIENTED_EDGE('',*,*,#889,.F.);
#509=ORIENTED_EDGE('',*,*,#703,.T.);
#510=ORIENTED_EDGE('',*,*,#886,.F.);
#511=ORIENTED_EDGE('',*,*,#728,.T.);
#512=ORIENTED_EDGE('',*,*,#889,.T.);
#513=ORIENTED_EDGE('',*,*,#706,.T.);
#514=ORIENTED_EDGE('',*,*,#696,.F.);
#515=ORIENTED_EDGE('',*,*,#744,.T.);
#516=ORIENTED_EDGE('',*,*,#890,.T.);
#517=ORIENTED_EDGE('',*,*,#748,.T.);
#518=ORIENTED_EDGE('',*,*,#891,.T.);
#519=ORIENTED_EDGE('',*,*,#892,.T.);
#520=ORIENTED_EDGE('',*,*,#704,.T.);
#521=ORIENTED_EDGE('',*,*,#893,.F.);
#522=ORIENTED_EDGE('',*,*,#708,.T.);
#523=ORIENTED_EDGE('',*,*,#894,.F.);
#524=ORIENTED_EDGE('',*,*,#749,.T.);
#525=ORIENTED_EDGE('',*,*,#893,.T.);
#526=ORIENTED_EDGE('',*,*,#707,.T.);
#527=ORIENTED_EDGE('',*,*,#890,.F.);
#528=ORIENTED_EDGE('',*,*,#750,.T.);
#529=ORIENTED_EDGE('',*,*,#894,.T.);
#530=ORIENTED_EDGE('',*,*,#895,.T.);
#531=ORIENTED_EDGE('',*,*,#896,.T.);
#532=ORIENTED_EDGE('',*,*,#897,.T.);
#533=ORIENTED_EDGE('',*,*,#898,.T.);
#534=ORIENTED_EDGE('',*,*,#899,.F.);
#535=ORIENTED_EDGE('',*,*,#900,.T.);
#536=ORIENTED_EDGE('',*,*,#901,.T.);
#537=ORIENTED_EDGE('',*,*,#745,.T.);
#538=ORIENTED_EDGE('',*,*,#694,.T.);
#539=ORIENTED_EDGE('',*,*,#902,.T.);
#540=ORIENTED_EDGE('',*,*,#891,.F.);
#541=ORIENTED_EDGE('',*,*,#903,.F.);
#542=ORIENTED_EDGE('',*,*,#904,.T.);
#543=ORIENTED_EDGE('',*,*,#895,.F.);
#544=ORIENTED_EDGE('',*,*,#905,.T.);
#545=ORIENTED_EDGE('',*,*,#899,.T.);
#546=ORIENTED_EDGE('',*,*,#906,.F.);
#547=ORIENTED_EDGE('',*,*,#907,.T.);
#548=ORIENTED_EDGE('',*,*,#903,.T.);
#549=ORIENTED_EDGE('',*,*,#747,.T.);
#550=ORIENTED_EDGE('',*,*,#897,.F.);
#551=ORIENTED_EDGE('',*,*,#908,.T.);
#552=ORIENTED_EDGE('',*,*,#906,.T.);
#553=ORIENTED_EDGE('',*,*,#746,.T.);
#554=ORIENTED_EDGE('',*,*,#901,.F.);
#555=ORIENTED_EDGE('',*,*,#909,.T.);
#556=ORIENTED_EDGE('',*,*,#910,.T.);
#557=ORIENTED_EDGE('',*,*,#911,.T.);
#558=ORIENTED_EDGE('',*,*,#912,.T.);
#559=ORIENTED_EDGE('',*,*,#913,.T.);
#560=ORIENTED_EDGE('',*,*,#882,.T.);
#561=ORIENTED_EDGE('',*,*,#914,.T.);
#562=ORIENTED_EDGE('',*,*,#690,.F.);
#563=ORIENTED_EDGE('',*,*,#915,.F.);
#564=ORIENTED_EDGE('',*,*,#916,.T.);
#565=ORIENTED_EDGE('',*,*,#912,.F.);
#566=ORIENTED_EDGE('',*,*,#917,.T.);
#567=ORIENTED_EDGE('',*,*,#918,.T.);
#568=ORIENTED_EDGE('',*,*,#919,.F.);
#569=ORIENTED_EDGE('',*,*,#920,.T.);
#570=ORIENTED_EDGE('',*,*,#915,.T.);
#571=ORIENTED_EDGE('',*,*,#735,.F.);
#572=ORIENTED_EDGE('',*,*,#921,.F.);
#573=ORIENTED_EDGE('',*,*,#922,.T.);
#574=ORIENTED_EDGE('',*,*,#910,.F.);
#575=ORIENTED_EDGE('',*,*,#923,.T.);
#576=ORIENTED_EDGE('',*,*,#919,.T.);
#577=ORIENTED_EDGE('',*,*,#734,.F.);
#578=ORIENTED_EDGE('',*,*,#918,.F.);
#579=ORIENTED_EDGE('',*,*,#924,.T.);
#580=ORIENTED_EDGE('',*,*,#921,.T.);
#581=ORIENTED_EDGE('',*,*,#733,.F.);
#582=ORIENTED_EDGE('',*,*,#925,.F.);
#583=ORIENTED_EDGE('',*,*,#926,.T.);
#584=ORIENTED_EDGE('',*,*,#927,.T.);
#585=ORIENTED_EDGE('',*,*,#724,.T.);
#586=ORIENTED_EDGE('',*,*,#684,.T.);
#587=ORIENTED_EDGE('',*,*,#928,.T.);
#588=ORIENTED_EDGE('',*,*,#887,.F.);
#589=ORIENTED_EDGE('',*,*,#929,.F.);
#590=ORIENTED_EDGE('',*,*,#930,.T.);
#591=ORIENTED_EDGE('',*,*,#931,.F.);
#592=ORIENTED_EDGE('',*,*,#932,.T.);
#593=ORIENTED_EDGE('',*,*,#925,.T.);
#594=ORIENTED_EDGE('',*,*,#933,.F.);
#595=ORIENTED_EDGE('',*,*,#934,.T.);
#596=ORIENTED_EDGE('',*,*,#929,.T.);
#597=ORIENTED_EDGE('',*,*,#726,.T.);
#598=ORIENTED_EDGE('',*,*,#935,.F.);
#599=ORIENTED_EDGE('',*,*,#936,.T.);
#600=ORIENTED_EDGE('',*,*,#933,.T.);
#601=ORIENTED_EDGE('',*,*,#725,.T.);
#602=ORIENTED_EDGE('',*,*,#927,.F.);
#603=ORIENTED_EDGE('',*,*,#937,.T.);
#604=ORIENTED_EDGE('',*,*,#931,.T.);
#605=ORIENTED_EDGE('',*,*,#938,.T.);
#606=ORIENTED_EDGE('',*,*,#935,.T.);
#607=ORIENTED_EDGE('',*,*,#939,.T.);
#608=ORIENTED_EDGE('',*,*,#937,.F.);
#609=ORIENTED_EDGE('',*,*,#926,.F.);
#610=ORIENTED_EDGE('',*,*,#932,.F.);
#611=ORIENTED_EDGE('',*,*,#939,.F.);
#612=ORIENTED_EDGE('',*,*,#916,.F.);
#613=ORIENTED_EDGE('',*,*,#920,.F.);
#614=ORIENTED_EDGE('',*,*,#923,.F.);
#615=ORIENTED_EDGE('',*,*,#913,.F.);
#616=ORIENTED_EDGE('',*,*,#922,.F.);
#617=ORIENTED_EDGE('',*,*,#924,.F.);
#618=ORIENTED_EDGE('',*,*,#917,.F.);
#619=ORIENTED_EDGE('',*,*,#911,.F.);
#620=ORIENTED_EDGE('',*,*,#909,.F.);
#621=ORIENTED_EDGE('',*,*,#900,.F.);
#622=ORIENTED_EDGE('',*,*,#905,.F.);
#623=ORIENTED_EDGE('',*,*,#898,.F.);
#624=ORIENTED_EDGE('',*,*,#904,.F.);
#625=ORIENTED_EDGE('',*,*,#907,.F.);
#626=ORIENTED_EDGE('',*,*,#908,.F.);
#627=ORIENTED_EDGE('',*,*,#896,.F.);
#628=ORIENTED_EDGE('',*,*,#930,.F.);
#629=ORIENTED_EDGE('',*,*,#934,.F.);
#630=ORIENTED_EDGE('',*,*,#936,.F.);
#631=ORIENTED_EDGE('',*,*,#938,.F.);
#632=ORIENTED_EDGE('',*,*,#787,.F.);
#633=ORIENTED_EDGE('',*,*,#752,.F.);
#634=ORIENTED_EDGE('',*,*,#793,.F.);
#635=ORIENTED_EDGE('',*,*,#790,.F.);
#636=ORIENTED_EDGE('',*,*,#817,.F.);
#637=ORIENTED_EDGE('',*,*,#766,.F.);
#638=ORIENTED_EDGE('',*,*,#823,.F.);
#639=ORIENTED_EDGE('',*,*,#820,.F.);
#640=ORIENTED_EDGE('',*,*,#815,.F.);
#641=ORIENTED_EDGE('',*,*,#819,.F.);
#642=ORIENTED_EDGE('',*,*,#822,.F.);
#643=ORIENTED_EDGE('',*,*,#842,.F.);
#644=ORIENTED_EDGE('',*,*,#785,.F.);
#645=ORIENTED_EDGE('',*,*,#789,.F.);
#646=ORIENTED_EDGE('',*,*,#792,.F.);
#647=ORIENTED_EDGE('',*,*,#841,.F.);
#648=ORIENTED_EDGE('',*,*,#864,.F.);
#649=ORIENTED_EDGE('',*,*,#940,.T.);
#650=ORIENTED_EDGE('',*,*,#867,.F.);
#651=ORIENTED_EDGE('',*,*,#876,.F.);
#652=ORIENTED_EDGE('',*,*,#852,.F.);
#653=ORIENTED_EDGE('',*,*,#941,.T.);
#654=ORIENTED_EDGE('',*,*,#855,.F.);
#655=ORIENTED_EDGE('',*,*,#861,.F.);
#656=ORIENTED_EDGE('',*,*,#869,.F.);
#657=ORIENTED_EDGE('',*,*,#942,.T.);
#658=ORIENTED_EDGE('',*,*,#862,.F.);
#659=ORIENTED_EDGE('',*,*,#859,.F.);
#660=ORIENTED_EDGE('',*,*,#857,.F.);
#661=ORIENTED_EDGE('',*,*,#943,.T.);
#662=ORIENTED_EDGE('',*,*,#850,.F.);
#663=ORIENTED_EDGE('',*,*,#875,.F.);
#664=ORIENTED_EDGE('',*,*,#943,.F.);
#665=ORIENTED_EDGE('',*,*,#856,.F.);
#666=ORIENTED_EDGE('',*,*,#941,.F.);
#667=ORIENTED_EDGE('',*,*,#851,.F.);
#668=ORIENTED_EDGE('',*,*,#942,.F.);
#669=ORIENTED_EDGE('',*,*,#868,.F.);
#670=ORIENTED_EDGE('',*,*,#940,.F.);
#671=ORIENTED_EDGE('',*,*,#863,.F.);
#672=ORIENTED_EDGE('',*,*,#884,.F.);
#673=ORIENTED_EDGE('',*,*,#709,.F.);
#674=ORIENTED_EDGE('',*,*,#691,.F.);
#675=ORIENTED_EDGE('',*,*,#914,.F.);
#676=ORIENTED_EDGE('',*,*,#688,.F.);
#677=ORIENTED_EDGE('',*,*,#700,.F.);
#678=ORIENTED_EDGE('',*,*,#888,.F.);
#679=ORIENTED_EDGE('',*,*,#928,.F.);
#680=ORIENTED_EDGE('',*,*,#698,.F.);
#681=ORIENTED_EDGE('',*,*,#705,.F.);
#682=ORIENTED_EDGE('',*,*,#892,.F.);
#683=ORIENTED_EDGE('',*,*,#902,.F.);
#684=EDGE_CURVE('',#944,#945,#1119,.T.);
#685=EDGE_CURVE('',#944,#946,#1120,.T.);
#686=EDGE_CURVE('',#946,#947,#1121,.T.);
#687=EDGE_CURVE('',#947,#948,#1122,.T.);
#688=EDGE_CURVE('',#948,#945,#77,.T.);
#689=EDGE_CURVE('',#949,#950,#1123,.T.);
#690=EDGE_CURVE('',#949,#951,#1124,.T.);
#691=EDGE_CURVE('',#951,#952,#78,.F.);
#692=EDGE_CURVE('',#953,#952,#1125,.T.);
#693=EDGE_CURVE('',#950,#953,#1126,.T.);
#694=EDGE_CURVE('',#954,#955,#1127,.T.);
#695=EDGE_CURVE('',#954,#956,#1128,.T.);
#696=EDGE_CURVE('',#956,#957,#1129,.T.);
#697=EDGE_CURVE('',#957,#958,#1130,.T.);
#698=EDGE_CURVE('',#958,#955,#79,.T.);
#699=EDGE_CURVE('',#959,#960,#1131,.T.);
#700=EDGE_CURVE('',#959,#948,#1132,.F.);
#701=EDGE_CURVE('',#961,#947,#80,.T.);
#702=EDGE_CURVE('',#962,#961,#1133,.T.);
#703=EDGE_CURVE('',#960,#962,#81,.T.);
#704=EDGE_CURVE('',#963,#964,#1134,.T.);
#705=EDGE_CURVE('',#963,#958,#1135,.F.);
#706=EDGE_CURVE('',#965,#957,#82,.T.);
#707=EDGE_CURVE('',#966,#965,#1136,.T.);
#708=EDGE_CURVE('',#964,#966,#83,.T.);
#709=EDGE_CURVE('',#952,#967,#1137,.F.);
#710=EDGE_CURVE('',#967,#968,#1138,.T.);
#711=EDGE_CURVE('',#968,#969,#84,.F.);
#712=EDGE_CURVE('',#969,#970,#1139,.T.);
#713=EDGE_CURVE('',#970,#953,#85,.F.);
#714=EDGE_CURVE('',#971,#972,#1140,.T.);
#715=EDGE_CURVE('',#973,#971,#1141,.T.);
#716=EDGE_CURVE('',#973,#974,#1142,.T.);
#717=EDGE_CURVE('',#975,#974,#1143,.T.);
#718=EDGE_CURVE('',#976,#975,#1144,.T.);
#719=EDGE_CURVE('',#976,#977,#1145,.T.);
#720=EDGE_CURVE('',#977,#978,#1146,.T.);
#721=EDGE_CURVE('',#978,#972,#1147,.T.);
#722=EDGE_CURVE('',#979,#980,#1148,.T.);
#723=EDGE_CURVE('',#946,#979,#86,.T.);
#724=EDGE_CURVE('',#981,#944,#1149,.T.);
#725=EDGE_CURVE('',#982,#981,#1150,.T.);
#726=EDGE_CURVE('',#983,#982,#1151,.T.);
#727=EDGE_CURVE('',#984,#983,#1152,.T.);
#728=EDGE_CURVE('',#980,#984,#87,.T.);
#729=EDGE_CURVE('',#950,#985,#88,.F.);
#730=EDGE_CURVE('',#985,#986,#1153,.T.);
#731=EDGE_CURVE('',#986,#987,#89,.F.);
#732=EDGE_CURVE('',#987,#988,#1154,.T.);
#733=EDGE_CURVE('',#988,#989,#1155,.T.);
#734=EDGE_CURVE('',#989,#990,#1156,.T.);
#735=EDGE_CURVE('',#990,#949,#1157,.T.);
#736=EDGE_CURVE('',#991,#992,#1158,.T.);
#737=EDGE_CURVE('',#993,#991,#1159,.T.);
#738=EDGE_CURVE('',#994,#993,#1160,.T.);
#739=EDGE_CURVE('',#994,#995,#1161,.T.);
#740=EDGE_CURVE('',#995,#996,#1162,.T.);
#741=EDGE_CURVE('',#997,#996,#1163,.T.);
#742=EDGE_CURVE('',#998,#997,#1164,.T.);
#743=EDGE_CURVE('',#998,#992,#1165,.T.);
#744=EDGE_CURVE('',#956,#999,#90,.T.);
#745=EDGE_CURVE('',#1000,#954,#1166,.T.);
#746=EDGE_CURVE('',#1001,#1000,#1167,.T.);
#747=EDGE_CURVE('',#1002,#1001,#1168,.T.);
#748=EDGE_CURVE('',#1003,#1002,#1169,.T.);
#749=EDGE_CURVE('',#1004,#1003,#91,.T.);
#750=EDGE_CURVE('',#999,#1004,#1170,.T.);
#751=EDGE_CURVE('',#1005,#1006,#1171,.T.);
#752=EDGE_CURVE('',#1005,#1007,#1172,.F.);
#753=EDGE_CURVE('',#1008,#1007,#1173,.T.);
#754=EDGE_CURVE('',#1009,#1008,#92,.T.);
#755=EDGE_CURVE('',#1010,#1009,#93,.T.);
#756=EDGE_CURVE('',#1011,#1010,#94,.T.);
#757=EDGE_CURVE('',#1012,#1011,#1174,.T.);
#758=EDGE_CURVE('',#1013,#1012,#95,.T.);
#759=EDGE_CURVE('',#974,#1013,#1175,.T.);
#760=EDGE_CURVE('',#1014,#973,#96,.T.);
#761=EDGE_CURVE('',#1015,#1014,#1176,.T.);
#762=EDGE_CURVE('',#1016,#1015,#97,.T.);
#763=EDGE_CURVE('',#1017,#1016,#98,.T.);
#764=EDGE_CURVE('',#1006,#1017,#99,.T.);
#765=EDGE_CURVE('',#1018,#1019,#1177,.T.);
#766=EDGE_CURVE('',#1018,#1020,#1178,.F.);
#767=EDGE_CURVE('',#1021,#1020,#1179,.T.);
#768=EDGE_CURVE('',#1022,#1021,#100,.T.);
#769=EDGE_CURVE('',#1023,#1022,#101,.T.);
#770=EDGE_CURVE('',#1024,#1023,#102,.T.);
#771=EDGE_CURVE('',#1025,#1024,#1180,.T.);
#772=EDGE_CURVE('',#978,#1025,#103,.T.);
#773=EDGE_CURVE('',#977,#1026,#1181,.T.);
#774=EDGE_CURVE('',#1027,#1026,#104,.T.);
#775=EDGE_CURVE('',#1028,#1027,#1182,.T.);
#776=EDGE_CURVE('',#1029,#1028,#105,.T.);
#777=EDGE_CURVE('',#1030,#1029,#106,.T.);
#778=EDGE_CURVE('',#1019,#1030,#107,.T.);
#779=EDGE_CURVE('',#1031,#1032,#108,.T.);
#780=EDGE_CURVE('',#1010,#1031,#1183,.T.);
#781=EDGE_CURVE('',#1009,#1032,#1184,.T.);
#782=EDGE_CURVE('',#1032,#1033,#109,.T.);
#783=EDGE_CURVE('',#1008,#1033,#1185,.T.);
#784=EDGE_CURVE('',#1034,#1035,#1186,.T.);
#785=EDGE_CURVE('',#1035,#1036,#110,.T.);
#786=EDGE_CURVE('',#1033,#1036,#1187,.T.);
#787=EDGE_CURVE('',#1007,#1034,#111,.T.);
#788=EDGE_CURVE('',#1037,#1038,#1188,.T.);
#789=EDGE_CURVE('',#1038,#1035,#1189,.F.);
#790=EDGE_CURVE('',#1034,#1037,#1190,.T.);
#791=EDGE_CURVE('',#1039,#1040,#1191,.T.);
#792=EDGE_CURVE('',#1039,#1038,#112,.T.);
#793=EDGE_CURVE('',#1037,#1005,#113,.T.);
#794=EDGE_CURVE('',#1006,#1040,#1192,.T.);
#795=EDGE_CURVE('',#1040,#1041,#114,.T.);
#796=EDGE_CURVE('',#1017,#1041,#1193,.T.);
#797=EDGE_CURVE('',#1041,#1042,#115,.T.);
#798=EDGE_CURVE('',#1016,#1042,#1194,.T.);
#799=EDGE_CURVE('',#1042,#1043,#116,.T.);
#800=EDGE_CURVE('',#1015,#1043,#1195,.T.);
#801=EDGE_CURVE('',#1043,#1044,#1196,.T.);
#802=EDGE_CURVE('',#1014,#1044,#1197,.T.);
#803=EDGE_CURVE('',#1044,#971,#117,.T.);
#804=EDGE_CURVE('',#972,#1045,#118,.T.);
#805=EDGE_CURVE('',#1025,#1045,#1198,.T.);
#806=EDGE_CURVE('',#1045,#1046,#1199,.T.);
#807=EDGE_CURVE('',#1024,#1046,#1200,.T.);
#808=EDGE_CURVE('',#1046,#1047,#119,.T.);
#809=EDGE_CURVE('',#1023,#1047,#1201,.T.);
#810=EDGE_CURVE('',#1047,#1048,#120,.T.);
#811=EDGE_CURVE('',#1022,#1048,#1202,.T.);
#812=EDGE_CURVE('',#1048,#1049,#121,.T.);
#813=EDGE_CURVE('',#1021,#1049,#1203,.T.);
#814=EDGE_CURVE('',#1050,#1051,#1204,.T.);
#815=EDGE_CURVE('',#1051,#1052,#122,.T.);
#816=EDGE_CURVE('',#1049,#1052,#1205,.T.);
#817=EDGE_CURVE('',#1020,#1050,#123,.T.);
#818=EDGE_CURVE('',#1053,#1054,#1206,.T.);
#819=EDGE_CURVE('',#1054,#1051,#1207,.F.);
#820=EDGE_CURVE('',#1050,#1053,#1208,.T.);
#821=EDGE_CURVE('',#1055,#1056,#1209,.T.);
#822=EDGE_CURVE('',#1055,#1054,#124,.T.);
#823=EDGE_CURVE('',#1053,#1018,#125,.T.);
#824=EDGE_CURVE('',#1019,#1056,#1210,.T.);
#825=EDGE_CURVE('',#1056,#1057,#126,.T.);
#826=EDGE_CURVE('',#1030,#1057,#1211,.T.);
#827=EDGE_CURVE('',#1057,#1058,#127,.T.);
#828=EDGE_CURVE('',#1029,#1058,#1212,.T.);
#829=EDGE_CURVE('',#1058,#1059,#128,.T.);
#830=EDGE_CURVE('',#1028,#1059,#1213,.T.);
#831=EDGE_CURVE('',#1059,#1060,#1214,.T.);
#832=EDGE_CURVE('',#1027,#1060,#1215,.T.);
#833=EDGE_CURVE('',#1060,#991,#129,.T.);
#834=EDGE_CURVE('',#1026,#993,#130,.T.);
#835=EDGE_CURVE('',#992,#1061,#131,.T.);
#836=EDGE_CURVE('',#998,#1013,#132,.T.);
#837=EDGE_CURVE('',#1012,#1061,#1216,.T.);
#838=EDGE_CURVE('',#1061,#1062,#1217,.T.);
#839=EDGE_CURVE('',#1011,#1062,#1218,.T.);
#840=EDGE_CURVE('',#1062,#1031,#133,.T.);
#841=EDGE_CURVE('',#1036,#1039,#1219,.T.);
#842=EDGE_CURVE('',#1052,#1055,#1220,.T.);
#843=EDGE_CURVE('',#1013,#997,#1221,.T.);
#844=EDGE_CURVE('',#1026,#994,#1222,.T.);
#845=EDGE_CURVE('',#996,#1063,#134,.T.);
#846=EDGE_CURVE('',#995,#1064,#135,.T.);
#847=EDGE_CURVE('',#1064,#1063,#1223,.T.);
#848=EDGE_CURVE('',#1065,#1065,#136,.T.);
#849=EDGE_CURVE('',#1066,#1066,#137,.T.);
#850=EDGE_CURVE('',#1067,#1068,#31,.T.);
#851=EDGE_CURVE('',#1068,#1069,#1224,.T.);
#852=EDGE_CURVE('',#1069,#1070,#32,.T.);
#853=EDGE_CURVE('',#1063,#1070,#1225,.T.);
#854=EDGE_CURVE('',#1064,#1067,#1226,.T.);
#855=EDGE_CURVE('',#1071,#1072,#138,.T.);
#856=EDGE_CURVE('',#1072,#1073,#1227,.F.);
#857=EDGE_CURVE('',#1073,#1074,#139,.T.);
#858=EDGE_CURVE('',#1074,#1071,#1228,.T.);
#859=EDGE_CURVE('',#1074,#1075,#1229,.T.);
#860=EDGE_CURVE('',#1075,#1076,#1230,.T.);
#861=EDGE_CURVE('',#1076,#1071,#1231,.F.);
#862=EDGE_CURVE('',#1075,#1077,#140,.T.);
#863=EDGE_CURVE('',#1077,#1078,#1232,.T.);
#864=EDGE_CURVE('',#1078,#1076,#141,.T.);
#865=EDGE_CURVE('',#1079,#1079,#142,.T.);
#866=EDGE_CURVE('',#1080,#1080,#143,.F.);
#867=EDGE_CURVE('',#1081,#1082,#33,.T.);
#868=EDGE_CURVE('',#1082,#1083,#1233,.F.);
#869=EDGE_CURVE('',#1083,#1084,#34,.T.);
#870=EDGE_CURVE('',#1084,#1085,#1234,.T.);
#871=EDGE_CURVE('',#1085,#1086,#1235,.T.);
#872=EDGE_CURVE('',#1081,#1086,#1236,.T.);
#873=EDGE_CURVE('',#1086,#975,#144,.T.);
#874=EDGE_CURVE('',#1085,#976,#145,.T.);
#875=EDGE_CURVE('',#1084,#1067,#1237,.F.);
#876=EDGE_CURVE('',#1070,#1081,#1238,.T.);
#877=EDGE_CURVE('',#1087,#1087,#146,.F.);
#878=EDGE_CURVE('',#1089,#1089,#147,.T.);
#879=EDGE_CURVE('',#1091,#1091,#148,.T.);
#880=EDGE_CURVE('',#986,#969,#1239,.T.);
#881=EDGE_CURVE('',#985,#970,#1240,.T.);
#882=EDGE_CURVE('',#988,#1092,#1241,.T.);
#883=EDGE_CURVE('',#987,#968,#1242,.T.);
#884=EDGE_CURVE('',#967,#1092,#149,.F.);
#885=EDGE_CURVE('',#979,#961,#1243,.T.);
#886=EDGE_CURVE('',#980,#962,#1244,.T.);
#887=EDGE_CURVE('',#983,#1093,#1245,.T.);
#888=EDGE_CURVE('',#1093,#959,#150,.T.);
#889=EDGE_CURVE('',#984,#960,#1246,.T.);
#890=EDGE_CURVE('',#999,#965,#1247,.T.);
#891=EDGE_CURVE('',#1002,#1094,#1248,.T.);
#892=EDGE_CURVE('',#1094,#963,#151,.T.);
#893=EDGE_CURVE('',#1003,#964,#1249,.T.);
#894=EDGE_CURVE('',#1004,#966,#1250,.T.);
#895=EDGE_CURVE('',#1095,#1096,#1251,.T.);
#896=EDGE_CURVE('',#1096,#1097,#1252,.T.);
#897=EDGE_CURVE('',#1097,#1098,#1253,.T.);
#898=EDGE_CURVE('',#1098,#1095,#1254,.T.);
#899=EDGE_CURVE('',#1099,#954,#1255,.T.);
#900=EDGE_CURVE('',#1099,#1100,#1256,.F.);
#901=EDGE_CURVE('',#1100,#1000,#1257,.T.);
#902=EDGE_CURVE('',#955,#1094,#1258,.T.);
#903=EDGE_CURVE('',#1101,#1002,#1259,.T.);
#904=EDGE_CURVE('',#1101,#1096,#152,.F.);
#905=EDGE_CURVE('',#1095,#1099,#153,.F.);
#906=EDGE_CURVE('',#1102,#1001,#1260,.T.);
#907=EDGE_CURVE('',#1102,#1101,#1261,.F.);
#908=EDGE_CURVE('',#1097,#1102,#154,.F.);
#909=EDGE_CURVE('',#1100,#1098,#155,.F.);
#910=EDGE_CURVE('',#1103,#1104,#1262,.T.);
#911=EDGE_CURVE('',#1104,#1105,#1263,.T.);
#912=EDGE_CURVE('',#1105,#1106,#1264,.T.);
#913=EDGE_CURVE('',#1106,#1103,#1265,.T.);
#914=EDGE_CURVE('',#1092,#951,#1266,.T.);
#915=EDGE_CURVE('',#1107,#949,#1267,.T.);
#916=EDGE_CURVE('',#1107,#1106,#156,.F.);
#917=EDGE_CURVE('',#1105,#1108,#157,.F.);
#918=EDGE_CURVE('',#1108,#988,#1268,.T.);
#919=EDGE_CURVE('',#1109,#990,#1269,.T.);
#920=EDGE_CURVE('',#1109,#1107,#1270,.F.);
#921=EDGE_CURVE('',#1110,#989,#1271,.T.);
#922=EDGE_CURVE('',#1110,#1104,#158,.F.);
#923=EDGE_CURVE('',#1103,#1109,#159,.F.);
#924=EDGE_CURVE('',#1108,#1110,#1272,.F.);
#925=EDGE_CURVE('',#1111,#944,#1273,.T.);
#926=EDGE_CURVE('',#1111,#1112,#1274,.F.);
#927=EDGE_CURVE('',#1112,#981,#1275,.T.);
#928=EDGE_CURVE('',#945,#1093,#1276,.T.);
#929=EDGE_CURVE('',#1113,#983,#1277,.T.);
#930=EDGE_CURVE('',#1113,#1114,#160,.F.);
#931=EDGE_CURVE('',#1115,#1114,#1278,.T.);
#932=EDGE_CURVE('',#1115,#1111,#161,.F.);
#933=EDGE_CURVE('',#1116,#982,#1279,.T.);
#934=EDGE_CURVE('',#1116,#1113,#1280,.F.);
#935=EDGE_CURVE('',#1117,#1118,#1281,.T.);
#936=EDGE_CURVE('',#1117,#1116,#162,.F.);
#937=EDGE_CURVE('',#1112,#1118,#163,.F.);
#938=EDGE_CURVE('',#1114,#1117,#1282,.T.);
#939=EDGE_CURVE('',#1118,#1115,#1283,.T.);
#940=EDGE_CURVE('',#1078,#1082,#20,.T.);
#941=EDGE_CURVE('',#1069,#1072,#21,.T.);
#942=EDGE_CURVE('',#1083,#1077,#22,.T.);
#943=EDGE_CURVE('',#1073,#1068,#23,.T.);
#944=VERTEX_POINT('',#2553);
#945=VERTEX_POINT('',#2554);
#946=VERTEX_POINT('',#2556);
#947=VERTEX_POINT('',#2558);
#948=VERTEX_POINT('',#2560);
#949=VERTEX_POINT('',#2564);
#950=VERTEX_POINT('',#2565);
#951=VERTEX_POINT('',#2567);
#952=VERTEX_POINT('',#2569);
#953=VERTEX_POINT('',#2571);
#954=VERTEX_POINT('',#2575);
#955=VERTEX_POINT('',#2576);
#956=VERTEX_POINT('',#2578);
#957=VERTEX_POINT('',#2580);
#958=VERTEX_POINT('',#2582);
#959=VERTEX_POINT('',#2586);
#960=VERTEX_POINT('',#2587);
#961=VERTEX_POINT('',#2590);
#962=VERTEX_POINT('',#2592);
#963=VERTEX_POINT('',#2595);
#964=VERTEX_POINT('',#2596);
#965=VERTEX_POINT('',#2599);
#966=VERTEX_POINT('',#2601);
#967=VERTEX_POINT('',#2604);
#968=VERTEX_POINT('',#2606);
#969=VERTEX_POINT('',#2608);
#970=VERTEX_POINT('',#2610);
#971=VERTEX_POINT('',#2613);
#972=VERTEX_POINT('',#2614);
#973=VERTEX_POINT('',#2616);
#974=VERTEX_POINT('',#2618);
#975=VERTEX_POINT('',#2620);
#976=VERTEX_POINT('',#2622);
#977=VERTEX_POINT('',#2624);
#978=VERTEX_POINT('',#2626);
#979=VERTEX_POINT('',#2630);
#980=VERTEX_POINT('',#2631);
#981=VERTEX_POINT('',#2634);
#982=VERTEX_POINT('',#2636);
#983=VERTEX_POINT('',#2638);
#984=VERTEX_POINT('',#2640);
#985=VERTEX_POINT('',#2643);
#986=VERTEX_POINT('',#2645);
#987=VERTEX_POINT('',#2647);
#988=VERTEX_POINT('',#2649);
#989=VERTEX_POINT('',#2651);
#990=VERTEX_POINT('',#2653);
#991=VERTEX_POINT('',#2656);
#992=VERTEX_POINT('',#2657);
#993=VERTEX_POINT('',#2659);
#994=VERTEX_POINT('',#2661);
#995=VERTEX_POINT('',#2663);
#996=VERTEX_POINT('',#2665);
#997=VERTEX_POINT('',#2667);
#998=VERTEX_POINT('',#2669);
#999=VERTEX_POINT('',#2672);
#1000=VERTEX_POINT('',#2674);
#1001=VERTEX_POINT('',#2676);
#1002=VERTEX_POINT('',#2678);
#1003=VERTEX_POINT('',#2680);
#1004=VERTEX_POINT('',#2682);
#1005=VERTEX_POINT('',#2686);
#1006=VERTEX_POINT('',#2687);
#1007=VERTEX_POINT('',#2689);
#1008=VERTEX_POINT('',#2691);
#1009=VERTEX_POINT('',#2693);
#1010=VERTEX_POINT('',#2695);
#1011=VERTEX_POINT('',#2697);
#1012=VERTEX_POINT('',#2699);
#1013=VERTEX_POINT('',#2701);
#1014=VERTEX_POINT('',#2704);
#1015=VERTEX_POINT('',#2706);
#1016=VERTEX_POINT('',#2708);
#1017=VERTEX_POINT('',#2710);
#1018=VERTEX_POINT('',#2714);
#1019=VERTEX_POINT('',#2715);
#1020=VERTEX_POINT('',#2717);
#1021=VERTEX_POINT('',#2719);
#1022=VERTEX_POINT('',#2721);
#1023=VERTEX_POINT('',#2723);
#1024=VERTEX_POINT('',#2725);
#1025=VERTEX_POINT('',#2727);
#1026=VERTEX_POINT('',#2730);
#1027=VERTEX_POINT('',#2732);
#1028=VERTEX_POINT('',#2734);
#1029=VERTEX_POINT('',#2736);
#1030=VERTEX_POINT('',#2738);
#1031=VERTEX_POINT('',#2742);
#1032=VERTEX_POINT('',#2743);
#1033=VERTEX_POINT('',#2748);
#1034=VERTEX_POINT('',#2752);
#1035=VERTEX_POINT('',#2753);
#1036=VERTEX_POINT('',#2755);
#1037=VERTEX_POINT('',#2760);
#1038=VERTEX_POINT('',#2761);
#1039=VERTEX_POINT('',#2766);
#1040=VERTEX_POINT('',#2767);
#1041=VERTEX_POINT('',#2773);
#1042=VERTEX_POINT('',#2777);
#1043=VERTEX_POINT('',#2781);
#1044=VERTEX_POINT('',#2785);
#1045=VERTEX_POINT('',#2791);
#1046=VERTEX_POINT('',#2795);
#1047=VERTEX_POINT('',#2799);
#1048=VERTEX_POINT('',#2803);
#1049=VERTEX_POINT('',#2807);
#1050=VERTEX_POINT('',#2811);
#1051=VERTEX_POINT('',#2812);
#1052=VERTEX_POINT('',#2814);
#1053=VERTEX_POINT('',#2819);
#1054=VERTEX_POINT('',#2820);
#1055=VERTEX_POINT('',#2825);
#1056=VERTEX_POINT('',#2826);
#1057=VERTEX_POINT('',#2832);
#1058=VERTEX_POINT('',#2836);
#1059=VERTEX_POINT('',#2840);
#1060=VERTEX_POINT('',#2844);
#1061=VERTEX_POINT('',#2851);
#1062=VERTEX_POINT('',#2856);
#1063=VERTEX_POINT('',#2869);
#1064=VERTEX_POINT('',#2871);
#1065=VERTEX_POINT('',#2875);
#1066=VERTEX_POINT('',#2877);
#1067=VERTEX_POINT('',#2879);
#1068=VERTEX_POINT('',#2880);
#1069=VERTEX_POINT('',#2882);
#1070=VERTEX_POINT('',#2884);
#1071=VERTEX_POINT('',#2889);
#1072=VERTEX_POINT('',#2890);
#1073=VERTEX_POINT('',#2892);
#1074=VERTEX_POINT('',#2894);
#1075=VERTEX_POINT('',#2898);
#1076=VERTEX_POINT('',#2900);
#1077=VERTEX_POINT('',#2904);
#1078=VERTEX_POINT('',#2906);
#1079=VERTEX_POINT('',#2910);
#1080=VERTEX_POINT('',#2912);
#1081=VERTEX_POINT('',#2914);
#1082=VERTEX_POINT('',#2915);
#1083=VERTEX_POINT('',#2917);
#1084=VERTEX_POINT('',#2919);
#1085=VERTEX_POINT('',#2921);
#1086=VERTEX_POINT('',#2923);
#1087=VERTEX_POINT('',#2934);
#1088=VERTEX_POINT('',#2935);
#1089=VERTEX_POINT('',#2938);
#1090=VERTEX_POINT('',#2939);
#1091=VERTEX_POINT('',#2942);
#1092=VERTEX_POINT('',#2952);
#1093=VERTEX_POINT('',#2962);
#1094=VERTEX_POINT('',#2970);
#1095=VERTEX_POINT('',#2978);
#1096=VERTEX_POINT('',#2979);
#1097=VERTEX_POINT('',#2981);
#1098=VERTEX_POINT('',#2983);
#1099=VERTEX_POINT('',#2987);
#1100=VERTEX_POINT('',#2989);
#1101=VERTEX_POINT('',#2994);
#1102=VERTEX_POINT('',#2999);
#1103=VERTEX_POINT('',#3006);
#1104=VERTEX_POINT('',#3007);
#1105=VERTEX_POINT('',#3009);
#1106=VERTEX_POINT('',#3011);
#1107=VERTEX_POINT('',#3016);
#1108=VERTEX_POINT('',#3019);
#1109=VERTEX_POINT('',#3023);
#1110=VERTEX_POINT('',#3027);
#1111=VERTEX_POINT('',#3034);
#1112=VERTEX_POINT('',#3036);
#1113=VERTEX_POINT('',#3041);
#1114=VERTEX_POINT('',#3043);
#1115=VERTEX_POINT('',#3045);
#1116=VERTEX_POINT('',#3049);
#1117=VERTEX_POINT('',#3053);
#1118=VERTEX_POINT('',#3054);
#1119=LINE('',#2552,#1284);
#1120=LINE('',#2555,#1285);
#1121=LINE('',#2557,#1286);
#1122=LINE('',#2559,#1287);
#1123=LINE('',#2563,#1288);
#1124=LINE('',#2566,#1289);
#1125=LINE('',#2570,#1290);
#1126=LINE('',#2572,#1291);
#1127=LINE('',#2574,#1292);
#1128=LINE('',#2577,#1293);
#1129=LINE('',#2579,#1294);
#1130=LINE('',#2581,#1295);
#1131=LINE('',#2585,#1296);
#1132=LINE('',#2588,#1297);
#1133=LINE('',#2591,#1298);
#1134=LINE('',#2594,#1299);
#1135=LINE('',#2597,#1300);
#1136=LINE('',#2600,#1301);
#1137=LINE('',#2603,#1302);
#1138=LINE('',#2605,#1303);
#1139=LINE('',#2609,#1304);
#1140=LINE('',#2612,#1305);
#1141=LINE('',#2615,#1306);
#1142=LINE('',#2617,#1307);
#1143=LINE('',#2619,#1308);
#1144=LINE('',#2621,#1309);
#1145=LINE('',#2623,#1310);
#1146=LINE('',#2625,#1311);
#1147=LINE('',#2627,#1312);
#1148=LINE('',#2629,#1313);
#1149=LINE('',#2633,#1314);
#1150=LINE('',#2635,#1315);
#1151=LINE('',#2637,#1316);
#1152=LINE('',#2639,#1317);
#1153=LINE('',#2644,#1318);
#1154=LINE('',#2648,#1319);
#1155=LINE('',#2650,#1320);
#1156=LINE('',#2652,#1321);
#1157=LINE('',#2654,#1322);
#1158=LINE('',#2655,#1323);
#1159=LINE('',#2658,#1324);
#1160=LINE('',#2660,#1325);
#1161=LINE('',#2662,#1326);
#1162=LINE('',#2664,#1327);
#1163=LINE('',#2666,#1328);
#1164=LINE('',#2668,#1329);
#1165=LINE('',#2670,#1330);
#1166=LINE('',#2673,#1331);
#1167=LINE('',#2675,#1332);
#1168=LINE('',#2677,#1333);
#1169=LINE('',#2679,#1334);
#1170=LINE('',#2683,#1335);
#1171=LINE('',#2685,#1336);
#1172=LINE('',#2688,#1337);
#1173=LINE('',#2690,#1338);
#1174=LINE('',#2698,#1339);
#1175=LINE('',#2702,#1340);
#1176=LINE('',#2705,#1341);
#1177=LINE('',#2713,#1342);
#1178=LINE('',#2716,#1343);
#1179=LINE('',#2718,#1344);
#1180=LINE('',#2726,#1345);
#1181=LINE('',#2729,#1346);
#1182=LINE('',#2733,#1347);
#1183=LINE('',#2744,#1348);
#1184=LINE('',#2745,#1349);
#1185=LINE('',#2749,#1350);
#1186=LINE('',#2751,#1351);
#1187=LINE('',#2756,#1352);
#1188=LINE('',#2759,#1353);
#1189=LINE('',#2762,#1354);
#1190=LINE('',#2763,#1355);
#1191=LINE('',#2765,#1356);
#1192=LINE('',#2770,#1357);
#1193=LINE('',#2774,#1358);
#1194=LINE('',#2778,#1359);
#1195=LINE('',#2782,#1360);
#1196=LINE('',#2784,#1361);
#1197=LINE('',#2786,#1362);
#1198=LINE('',#2792,#1363);
#1199=LINE('',#2794,#1364);
#1200=LINE('',#2796,#1365);
#1201=LINE('',#2800,#1366);
#1202=LINE('',#2804,#1367);
#1203=LINE('',#2808,#1368);
#1204=LINE('',#2810,#1369);
#1205=LINE('',#2815,#1370);
#1206=LINE('',#2818,#1371);
#1207=LINE('',#2821,#1372);
#1208=LINE('',#2822,#1373);
#1209=LINE('',#2824,#1374);
#1210=LINE('',#2829,#1375);
#1211=LINE('',#2833,#1376);
#1212=LINE('',#2837,#1377);
#1213=LINE('',#2841,#1378);
#1214=LINE('',#2843,#1379);
#1215=LINE('',#2845,#1380);
#1216=LINE('',#2853,#1381);
#1217=LINE('',#2855,#1382);
#1218=LINE('',#2857,#1383);
#1219=LINE('',#2861,#1384);
#1220=LINE('',#2862,#1385);
#1221=LINE('',#2864,#1386);
#1222=LINE('',#2866,#1387);
#1223=LINE('',#2872,#1388);
#1224=LINE('',#2881,#1389);
#1225=LINE('',#2885,#1390);
#1226=LINE('',#2886,#1391);
#1227=LINE('',#2891,#1392);
#1228=LINE('',#2895,#1393);
#1229=LINE('',#2897,#1394);
#1230=LINE('',#2899,#1395);
#1231=LINE('',#2901,#1396);
#1232=LINE('',#2905,#1397);
#1233=LINE('',#2916,#1398);
#1234=LINE('',#2920,#1399);
#1235=LINE('',#2922,#1400);
#1236=LINE('',#2924,#1401);
#1237=LINE('',#2929,#1402);
#1238=LINE('',#2931,#1403);
#1239=LINE('',#2947,#1404);
#1240=LINE('',#2948,#1405);
#1241=LINE('',#2951,#1406);
#1242=LINE('',#2953,#1407);
#1243=LINE('',#2957,#1408);
#1244=LINE('',#2958,#1409);
#1245=LINE('',#2961,#1410);
#1246=LINE('',#2964,#1411);
#1247=LINE('',#2967,#1412);
#1248=LINE('',#2969,#1413);
#1249=LINE('',#2972,#1414);
#1250=LINE('',#2974,#1415);
#1251=LINE('',#2977,#1416);
#1252=LINE('',#2980,#1417);
#1253=LINE('',#2982,#1418);
#1254=LINE('',#2984,#1419);
#1255=LINE('',#2986,#1420);
#1256=LINE('',#2988,#1421);
#1257=LINE('',#2990,#1422);
#1258=LINE('',#2992,#1423);
#1259=LINE('',#2993,#1424);
#1260=LINE('',#2998,#1425);
#1261=LINE('',#3000,#1426);
#1262=LINE('',#3005,#1427);
#1263=LINE('',#3008,#1428);
#1264=LINE('',#3010,#1429);
#1265=LINE('',#3012,#1430);
#1266=LINE('',#3014,#1431);
#1267=LINE('',#3015,#1432);
#1268=LINE('',#3020,#1433);
#1269=LINE('',#3022,#1434);
#1270=LINE('',#3024,#1435);
#1271=LINE('',#3026,#1436);
#1272=LINE('',#3031,#1437);
#1273=LINE('',#3033,#1438);
#1274=LINE('',#3035,#1439);
#1275=LINE('',#3037,#1440);
#1276=LINE('',#3039,#1441);
#1277=LINE('',#3040,#1442);
#1278=LINE('',#3044,#1443);
#1279=LINE('',#3048,#1444);
#1280=LINE('',#3050,#1445);
#1281=LINE('',#3052,#1446);
#1282=LINE('',#3058,#1447);
#1283=LINE('',#3059,#1448);
#1284=VECTOR('',#2015,1000.);
#1285=VECTOR('',#2016,1000.);
#1286=VECTOR('',#2017,1000.);
#1287=VECTOR('',#2018,1000.);
#1288=VECTOR('',#2023,1000.);
#1289=VECTOR('',#2024,1000.);
#1290=VECTOR('',#2027,1000.);
#1291=VECTOR('',#2028,1000.);
#1292=VECTOR('',#2031,1000.);
#1293=VECTOR('',#2032,1000.);
#1294=VECTOR('',#2033,1000.);
#1295=VECTOR('',#2034,1000.);
#1296=VECTOR('',#2039,1000.);
#1297=VECTOR('',#2040,1000.);
#1298=VECTOR('',#2043,1000.);
#1299=VECTOR('',#2046,1000.);
#1300=VECTOR('',#2047,1000.);
#1301=VECTOR('',#2050,1000.);
#1302=VECTOR('',#2053,1000.);
#1303=VECTOR('',#2054,1000.);
#1304=VECTOR('',#2057,1000.);
#1305=VECTOR('',#2060,1000.);
#1306=VECTOR('',#2061,1000.);
#1307=VECTOR('',#2062,1000.);
#1308=VECTOR('',#2063,1000.);
#1309=VECTOR('',#2064,1000.);
#1310=VECTOR('',#2065,1000.);
#1311=VECTOR('',#2066,1000.);
#1312=VECTOR('',#2067,1000.);
#1313=VECTOR('',#2070,1000.);
#1314=VECTOR('',#2073,1000.);
#1315=VECTOR('',#2074,1000.);
#1316=VECTOR('',#2075,1000.);
#1317=VECTOR('',#2076,1000.);
#1318=VECTOR('',#2081,1000.);
#1319=VECTOR('',#2084,1000.);
#1320=VECTOR('',#2085,1000.);
#1321=VECTOR('',#2086,1000.);
#1322=VECTOR('',#2087,1000.);
#1323=VECTOR('',#2088,1000.);
#1324=VECTOR('',#2089,1000.);
#1325=VECTOR('',#2090,1000.);
#1326=VECTOR('',#2091,1000.);
#1327=VECTOR('',#2092,1000.);
#1328=VECTOR('',#2093,1000.);
#1329=VECTOR('',#2094,1000.);
#1330=VECTOR('',#2095,1000.);
#1331=VECTOR('',#2098,1000.);
#1332=VECTOR('',#2099,1000.);
#1333=VECTOR('',#2100,1000.);
#1334=VECTOR('',#2101,1000.);
#1335=VECTOR('',#2104,1000.);
#1336=VECTOR('',#2107,1000.);
#1337=VECTOR('',#2108,1000.);
#1338=VECTOR('',#2109,1000.);
#1339=VECTOR('',#2116,1000.);
#1340=VECTOR('',#2119,1000.);
#1341=VECTOR('',#2122,1000.);
#1342=VECTOR('',#2131,1000.);
#1343=VECTOR('',#2132,1000.);
#1344=VECTOR('',#2133,1000.);
#1345=VECTOR('',#2140,1000.);
#1346=VECTOR('',#2143,1000.);
#1347=VECTOR('',#2146,1000.);
#1348=VECTOR('',#2157,1000.);
#1349=VECTOR('',#2158,1000.);
#1350=VECTOR('',#2163,1000.);
#1351=VECTOR('',#2166,1000.);
#1352=VECTOR('',#2169,1000.);
#1353=VECTOR('',#2174,1000.);
#1354=VECTOR('',#2175,1000.);
#1355=VECTOR('',#2176,1000.);
#1356=VECTOR('',#2179,1000.);
#1357=VECTOR('',#2184,1000.);
#1358=VECTOR('',#2189,1000.);
#1359=VECTOR('',#2194,1000.);
#1360=VECTOR('',#2199,1000.);
#1361=VECTOR('',#2202,1000.);
#1362=VECTOR('',#2203,1000.);
#1363=VECTOR('',#2212,1000.);
#1364=VECTOR('',#2215,1000.);
#1365=VECTOR('',#2216,1000.);
#1366=VECTOR('',#2221,1000.);
#1367=VECTOR('',#2226,1000.);
#1368=VECTOR('',#2231,1000.);
#1369=VECTOR('',#2234,1000.);
#1370=VECTOR('',#2237,1000.);
#1371=VECTOR('',#2242,1000.);
#1372=VECTOR('',#2243,1000.);
#1373=VECTOR('',#2244,1000.);
#1374=VECTOR('',#2247,1000.);
#1375=VECTOR('',#2252,1000.);
#1376=VECTOR('',#2257,1000.);
#1377=VECTOR('',#2262,1000.);
#1378=VECTOR('',#2267,1000.);
#1379=VECTOR('',#2270,1000.);
#1380=VECTOR('',#2271,1000.);
#1381=VECTOR('',#2284,1000.);
#1382=VECTOR('',#2287,1000.);
#1383=VECTOR('',#2288,1000.);
#1384=VECTOR('',#2295,1000.);
#1385=VECTOR('',#2296,1000.);
#1386=VECTOR('',#2299,1000.);
#1387=VECTOR('',#2302,1000.);
#1388=VECTOR('',#2309,1000.);
#1389=VECTOR('',#2318,1000.);
#1390=VECTOR('',#2321,1000.);
#1391=VECTOR('',#2322,1000.);
#1392=VECTOR('',#2327,1000.);
#1393=VECTOR('',#2330,1000.);
#1394=VECTOR('',#2333,1000.);
#1395=VECTOR('',#2334,1000.);
#1396=VECTOR('',#2335,1000.);
#1397=VECTOR('',#2340,1000.);
#1398=VECTOR('',#2351,1000.);
#1399=VECTOR('',#2354,1000.);
#1400=VECTOR('',#2355,1000.);
#1401=VECTOR('',#2356,1000.);
#1402=VECTOR('',#2365,1000.);
#1403=VECTOR('',#2368,1000.);
#1404=VECTOR('',#2389,1000.);
#1405=VECTOR('',#2390,1000.);
#1406=VECTOR('',#2395,1000.);
#1407=VECTOR('',#2396,1000.);
#1408=VECTOR('',#2403,1000.);
#1409=VECTOR('',#2404,1000.);
#1410=VECTOR('',#2409,1000.);
#1411=VECTOR('',#2412,1000.);
#1412=VECTOR('',#2417,1000.);
#1413=VECTOR('',#2420,1000.);
#1414=VECTOR('',#2423,1000.);
#1415=VECTOR('',#2426,1000.);
#1416=VECTOR('',#2431,1000.);
#1417=VECTOR('',#2432,1000.);
#1418=VECTOR('',#2433,1000.);
#1419=VECTOR('',#2434,1000.);
#1420=VECTOR('',#2437,1000.);
#1421=VECTOR('',#2438,1000.);
#1422=VECTOR('',#2439,1000.);
#1423=VECTOR('',#2442,1000.);
#1424=VECTOR('',#2443,1000.);
#1425=VECTOR('',#2450,1000.);
#1426=VECTOR('',#2451,1000.);
#1427=VECTOR('',#2460,1000.);
#1428=VECTOR('',#2461,1000.);
#1429=VECTOR('',#2462,1000.);
#1430=VECTOR('',#2463,1000.);
#1431=VECTOR('',#2466,1000.);
#1432=VECTOR('',#2467,1000.);
#1433=VECTOR('',#2472,1000.);
#1434=VECTOR('',#2475,1000.);
#1435=VECTOR('',#2476,1000.);
#1436=VECTOR('',#2479,1000.);
#1437=VECTOR('',#2486,1000.);
#1438=VECTOR('',#2489,1000.);
#1439=VECTOR('',#2490,1000.);
#1440=VECTOR('',#2491,1000.);
#1441=VECTOR('',#2494,1000.);
#1442=VECTOR('',#2495,1000.);
#1443=VECTOR('',#2498,1000.);
#1444=VECTOR('',#2503,1000.);
#1445=VECTOR('',#2504,1000.);
#1446=VECTOR('',#2507,1000.);
#1447=VECTOR('',#2514,1000.);
#1448=VECTOR('',#2515,1000.);
#1449=EDGE_LOOP('',(#164,#165,#166,#167,#168));
#1450=EDGE_LOOP('',(#169,#170,#171,#172,#173));
#1451=EDGE_LOOP('',(#174,#175,#176,#177,#178));
#1452=EDGE_LOOP('',(#179,#180,#181,#182,#183,#184));
#1453=EDGE_LOOP('',(#185,#186,#187,#188,#189,#190));
#1454=EDGE_LOOP('',(#191,#192,#193,#194,#195,#196));
#1455=EDGE_LOOP('',(#197,#198,#199,#200,#201,#202,#203,#204));
#1456=EDGE_LOOP('',(#205,#206,#207,#208,#209,#210,#211,#212));
#1457=EDGE_LOOP('',(#213,#214,#215,#216,#217,#218,#219,#220));
#1458=EDGE_LOOP('',(#221,#222,#223,#224,#225,#226,#227,#228));
#1459=EDGE_LOOP('',(#229,#230,#231,#232,#233,#234,#235,#236));
#1460=EDGE_LOOP('',(#237,#238,#239,#240,#241,#242,#243,#244,#245,#246,#247,
#248,#249,#250,#251));
#1461=EDGE_LOOP('',(#252,#253,#254,#255,#256,#257,#258,#259,#260,#261,#262,
#263,#264,#265,#266));
#1462=EDGE_LOOP('',(#267,#268,#269,#270));
#1463=EDGE_LOOP('',(#271,#272,#273,#274));
#1464=EDGE_LOOP('',(#275,#276,#277,#278,#279,#280));
#1465=EDGE_LOOP('',(#281,#282,#283,#284));
#1466=EDGE_LOOP('',(#285,#286,#287,#288,#289,#290));
#1467=EDGE_LOOP('',(#291,#292,#293,#294));
#1468=EDGE_LOOP('',(#295,#296,#297,#298));
#1469=EDGE_LOOP('',(#299,#300,#301,#302));
#1470=EDGE_LOOP('',(#303,#304,#305,#306));
#1471=EDGE_LOOP('',(#307,#308,#309,#310));
#1472=EDGE_LOOP('',(#311,#312,#313,#314));
#1473=EDGE_LOOP('',(#315,#316,#317,#318));
#1474=EDGE_LOOP('',(#319,#320,#321,#322));
#1475=EDGE_LOOP('',(#323,#324,#325,#326));
#1476=EDGE_LOOP('',(#327,#328,#329,#330));
#1477=EDGE_LOOP('',(#331,#332,#333,#334,#335,#336));
#1478=EDGE_LOOP('',(#337,#338,#339,#340));
#1479=EDGE_LOOP('',(#341,#342,#343,#344,#345,#346));
#1480=EDGE_LOOP('',(#347,#348,#349,#350));
#1481=EDGE_LOOP('',(#351,#352,#353,#354));
#1482=EDGE_LOOP('',(#355,#356,#357,#358));
#1483=EDGE_LOOP('',(#359,#360,#361,#362));
#1484=EDGE_LOOP('',(#363,#364,#365,#366,#367));
#1485=EDGE_LOOP('',(#368,#369,#370,#371,#372));
#1486=EDGE_LOOP('',(#373,#374,#375,#376));
#1487=EDGE_LOOP('',(#377,#378,#379,#380));
#1488=EDGE_LOOP('',(#381,#382,#383,#384,#385,#386,#387,#388,#389,#390,#391,
#392,#393,#394,#395,#396,#397,#398,#399,#400,#401,#402,#403,#404,#405,#406,
#407,#408));
#1489=EDGE_LOOP('',(#409,#410,#411));
#1490=EDGE_LOOP('',(#412,#413,#414));
#1491=EDGE_LOOP('',(#415,#416,#417,#418));
#1492=EDGE_LOOP('',(#419));
#1493=EDGE_LOOP('',(#420));
#1494=EDGE_LOOP('',(#421,#422,#423,#424,#425,#426));
#1495=EDGE_LOOP('',(#427,#428,#429,#430));
#1496=EDGE_LOOP('',(#431,#432,#433,#434));
#1497=EDGE_LOOP('',(#435,#436,#437,#438));
#1498=EDGE_LOOP('',(#439));
#1499=EDGE_LOOP('',(#440));
#1500=EDGE_LOOP('',(#441,#442,#443,#444,#445,#446));
#1501=EDGE_LOOP('',(#447,#448,#449,#450));
#1502=EDGE_LOOP('',(#451,#452,#453,#454,#455,#456,#457,#458,#459));
#1503=EDGE_LOOP('',(#460,#461,#462,#463,#464,#465,#466,#467,#468));
#1504=EDGE_LOOP('',(#469));
#1505=EDGE_LOOP('',(#470));
#1506=EDGE_LOOP('',(#471));
#1507=EDGE_LOOP('',(#472));
#1508=EDGE_LOOP('',(#473));
#1509=EDGE_LOOP('',(#474));
#1510=EDGE_LOOP('',(#475));
#1511=EDGE_LOOP('',(#476));
#1512=EDGE_LOOP('',(#477));
#1513=EDGE_LOOP('',(#478));
#1514=EDGE_LOOP('',(#479,#480,#481,#482));
#1515=EDGE_LOOP('',(#483,#484,#485,#486));
#1516=EDGE_LOOP('',(#487,#488,#489,#490,#491));
#1517=EDGE_LOOP('',(#492,#493,#494,#495));
#1518=EDGE_LOOP('',(#496,#497,#498,#499));
#1519=EDGE_LOOP('',(#500,#501,#502,#503));
#1520=EDGE_LOOP('',(#504,#505,#506,#507,#508));
#1521=EDGE_LOOP('',(#509,#510,#511,#512));
#1522=EDGE_LOOP('',(#513,#514,#515,#516));
#1523=EDGE_LOOP('',(#517,#518,#519,#520,#521));
#1524=EDGE_LOOP('',(#522,#523,#524,#525));
#1525=EDGE_LOOP('',(#526,#527,#528,#529));
#1526=EDGE_LOOP('',(#530,#531,#532,#533));
#1527=EDGE_LOOP('',(#534,#535,#536,#537));
#1528=EDGE_LOOP('',(#538,#539,#540,#541,#542,#543,#544,#545));
#1529=EDGE_LOOP('',(#546,#547,#548,#549));
#1530=EDGE_LOOP('',(#550,#551,#552,#553,#554,#555));
#1531=EDGE_LOOP('',(#556,#557,#558,#559));
#1532=EDGE_LOOP('',(#560,#561,#562,#563,#564,#565,#566,#567));
#1533=EDGE_LOOP('',(#568,#569,#570,#571));
#1534=EDGE_LOOP('',(#572,#573,#574,#575,#576,#577));
#1535=EDGE_LOOP('',(#578,#579,#580,#581));
#1536=EDGE_LOOP('',(#582,#583,#584,#585));
#1537=EDGE_LOOP('',(#586,#587,#588,#589,#590,#591,#592,#593));
#1538=EDGE_LOOP('',(#594,#595,#596,#597));
#1539=EDGE_LOOP('',(#598,#599,#600,#601,#602,#603));
#1540=EDGE_LOOP('',(#604,#605,#606,#607));
#1541=EDGE_LOOP('',(#608,#609,#610,#611));
#1542=EDGE_LOOP('',(#612,#613,#614,#615));
#1543=EDGE_LOOP('',(#616,#617,#618,#619));
#1544=EDGE_LOOP('',(#620,#621,#622,#623));
#1545=EDGE_LOOP('',(#624,#625,#626,#627));
#1546=EDGE_LOOP('',(#628,#629,#630,#631));
#1547=EDGE_LOOP('',(#632,#633,#634,#635));
#1548=EDGE_LOOP('',(#636,#637,#638,#639));
#1549=EDGE_LOOP('',(#640,#641,#642,#643));
#1550=EDGE_LOOP('',(#644,#645,#646,#647));
#1551=EDGE_LOOP('',(#648,#649,#650,#651,#652,#653,#654,#655));
#1552=EDGE_LOOP('',(#656,#657,#658,#659,#660,#661,#662,#663));
#1553=EDGE_LOOP('',(#664,#665,#666,#667));
#1554=EDGE_LOOP('',(#668,#669,#670,#671));
#1555=EDGE_LOOP('',(#672,#673,#674,#675));
#1556=EDGE_LOOP('',(#676,#677,#678,#679));
#1557=EDGE_LOOP('',(#680,#681,#682,#683));
#1558=FACE_BOUND('',#1449,.T.);
#1559=FACE_BOUND('',#1450,.T.);
#1560=FACE_BOUND('',#1451,.T.);
#1561=FACE_BOUND('',#1452,.T.);
#1562=FACE_BOUND('',#1453,.T.);
#1563=FACE_BOUND('',#1454,.T.);
#1564=FACE_BOUND('',#1455,.T.);
#1565=FACE_BOUND('',#1456,.T.);
#1566=FACE_BOUND('',#1457,.T.);
#1567=FACE_BOUND('',#1458,.T.);
#1568=FACE_BOUND('',#1459,.T.);
#1569=FACE_BOUND('',#1460,.T.);
#1570=FACE_BOUND('',#1461,.T.);
#1571=FACE_BOUND('',#1462,.T.);
#1572=FACE_BOUND('',#1463,.T.);
#1573=FACE_BOUND('',#1464,.T.);
#1574=FACE_BOUND('',#1465,.T.);
#1575=FACE_BOUND('',#1466,.T.);
#1576=FACE_BOUND('',#1467,.T.);
#1577=FACE_BOUND('',#1468,.T.);
#1578=FACE_BOUND('',#1469,.T.);
#1579=FACE_BOUND('',#1470,.T.);
#1580=FACE_BOUND('',#1471,.T.);
#1581=FACE_BOUND('',#1472,.T.);
#1582=FACE_BOUND('',#1473,.T.);
#1583=FACE_BOUND('',#1474,.T.);
#1584=FACE_BOUND('',#1475,.T.);
#1585=FACE_BOUND('',#1476,.T.);
#1586=FACE_BOUND('',#1477,.T.);
#1587=FACE_BOUND('',#1478,.T.);
#1588=FACE_BOUND('',#1479,.T.);
#1589=FACE_BOUND('',#1480,.T.);
#1590=FACE_BOUND('',#1481,.T.);
#1591=FACE_BOUND('',#1482,.T.);
#1592=FACE_BOUND('',#1483,.T.);
#1593=FACE_BOUND('',#1484,.T.);
#1594=FACE_BOUND('',#1485,.T.);
#1595=FACE_BOUND('',#1486,.T.);
#1596=FACE_BOUND('',#1487,.T.);
#1597=FACE_BOUND('',#1488,.T.);
#1598=FACE_BOUND('',#1489,.T.);
#1599=FACE_BOUND('',#1490,.T.);
#1600=FACE_BOUND('',#1491,.T.);
#1601=FACE_BOUND('',#1492,.T.);
#1602=FACE_BOUND('',#1493,.T.);
#1603=FACE_BOUND('',#1494,.T.);
#1604=FACE_BOUND('',#1495,.T.);
#1605=FACE_BOUND('',#1496,.T.);
#1606=FACE_BOUND('',#1497,.T.);
#1607=FACE_BOUND('',#1498,.T.);
#1608=FACE_BOUND('',#1499,.T.);
#1609=FACE_BOUND('',#1500,.T.);
#1610=FACE_BOUND('',#1501,.T.);
#1611=FACE_BOUND('',#1502,.T.);
#1612=FACE_BOUND('',#1503,.T.);
#1613=FACE_BOUND('',#1504,.T.);
#1614=FACE_BOUND('',#27,.T.);
#1615=FACE_BOUND('',#1505,.T.);
#1616=FACE_BOUND('',#28,.T.);
#1617=FACE_BOUND('',#1506,.T.);
#1618=FACE_BOUND('',#1507,.T.);
#1619=FACE_BOUND('',#1508,.T.);
#1620=FACE_BOUND('',#1509,.T.);
#1621=FACE_BOUND('',#1510,.T.);
#1622=FACE_BOUND('',#1511,.T.);
#1623=FACE_BOUND('',#1512,.T.);
#1624=FACE_BOUND('',#1513,.T.);
#1625=FACE_BOUND('',#1514,.T.);
#1626=FACE_BOUND('',#1515,.T.);
#1627=FACE_BOUND('',#1516,.T.);
#1628=FACE_BOUND('',#1517,.T.);
#1629=FACE_BOUND('',#1518,.T.);
#1630=FACE_BOUND('',#1519,.T.);
#1631=FACE_BOUND('',#1520,.T.);
#1632=FACE_BOUND('',#1521,.T.);
#1633=FACE_BOUND('',#1522,.T.);
#1634=FACE_BOUND('',#1523,.T.);
#1635=FACE_BOUND('',#1524,.T.);
#1636=FACE_BOUND('',#1525,.T.);
#1637=FACE_BOUND('',#1526,.T.);
#1638=FACE_BOUND('',#1527,.T.);
#1639=FACE_BOUND('',#1528,.T.);
#1640=FACE_BOUND('',#1529,.T.);
#1641=FACE_BOUND('',#1530,.T.);
#1642=FACE_BOUND('',#1531,.T.);
#1643=FACE_BOUND('',#1532,.T.);
#1644=FACE_BOUND('',#1533,.T.);
#1645=FACE_BOUND('',#1534,.T.);
#1646=FACE_BOUND('',#1535,.T.);
#1647=FACE_BOUND('',#1536,.T.);
#1648=FACE_BOUND('',#1537,.T.);
#1649=FACE_BOUND('',#1538,.T.);
#1650=FACE_BOUND('',#1539,.T.);
#1651=FACE_BOUND('',#1540,.T.);
#1652=FACE_BOUND('',#1541,.T.);
#1653=FACE_BOUND('',#1542,.T.);
#1654=FACE_BOUND('',#1543,.T.);
#1655=FACE_BOUND('',#1544,.T.);
#1656=FACE_BOUND('',#1545,.T.);
#1657=FACE_BOUND('',#1546,.T.);
#1658=FACE_BOUND('',#1547,.T.);
#1659=FACE_BOUND('',#1548,.T.);
#1660=FACE_BOUND('',#1549,.T.);
#1661=FACE_BOUND('',#1550,.T.);
#1662=FACE_BOUND('',#1551,.T.);
#1663=FACE_BOUND('',#1552,.T.);
#1664=FACE_BOUND('',#1553,.T.);
#1665=FACE_BOUND('',#1554,.T.);
#1666=FACE_BOUND('',#1555,.T.);
#1667=FACE_BOUND('',#1556,.T.);
#1668=FACE_BOUND('',#1557,.T.);
#1669=PLANE('',#1825);
#1670=PLANE('',#1827);
#1671=PLANE('',#1829);
#1672=PLANE('',#1831);
#1673=PLANE('',#1838);
#1674=PLANE('',#1845);
#1675=PLANE('',#1854);
#1676=PLANE('',#1867);
#1677=PLANE('',#1870);
#1678=PLANE('',#1871);
#1679=PLANE('',#1880);
#1680=PLANE('',#1885);
#1681=PLANE('',#1892);
#1682=PLANE('',#1895);
#1683=PLANE('',#1896);
#1684=PLANE('',#1905);
#1685=PLANE('',#1912);
#1686=PLANE('',#1915);
#1687=PLANE('',#1916);
#1688=PLANE('',#1917);
#1689=PLANE('',#1921);
#1690=PLANE('',#1926);
#1691=PLANE('',#1929);
#1692=PLANE('',#1930);
#1693=PLANE('',#1933);
#1694=PLANE('',#1941);
#1695=PLANE('',#1942);
#1696=PLANE('',#1952);
#1697=PLANE('',#1954);
#1698=PLANE('',#1957);
#1699=PLANE('',#1959);
#1700=PLANE('',#1963);
#1701=PLANE('',#1966);
#1702=PLANE('',#1967);
#1703=PLANE('',#1968);
#1704=PLANE('',#1969);
#1705=PLANE('',#1972);
#1706=PLANE('',#1973);
#1707=PLANE('',#1976);
#1708=PLANE('',#1977);
#1709=PLANE('',#1980);
#1710=PLANE('',#1981);
#1711=PLANE('',#1984);
#1712=PLANE('',#1985);
#1713=PLANE('',#1986);
#1714=PLANE('',#1989);
#1715=PLANE('',#1990);
#1716=PLANE('',#1993);
#1717=ADVANCED_FACE('',(#1558),#1669,.F.);
#1718=ADVANCED_FACE('',(#1559),#1670,.T.);
#1719=ADVANCED_FACE('',(#1560),#1671,.F.);
#1720=ADVANCED_FACE('',(#1561,#1562,#1563,#1564),#1672,.T.);
#1721=ADVANCED_FACE('',(#1565,#1566,#1567,#1568),#1673,.T.);
#1722=ADVANCED_FACE('',(#1569),#1674,.F.);
#1723=ADVANCED_FACE('',(#1570),#1675,.F.);
#1724=ADVANCED_FACE('',(#1571),#35,.T.);
#1725=ADVANCED_FACE('',(#1572),#36,.F.);
#1726=ADVANCED_FACE('',(#1573),#1676,.T.);
#1727=ADVANCED_FACE('',(#1574),#1677,.T.);
#1728=ADVANCED_FACE('',(#1575),#1678,.T.);
#1729=ADVANCED_FACE('',(#1576),#37,.T.);
#1730=ADVANCED_FACE('',(#1577),#38,.F.);
#1731=ADVANCED_FACE('',(#1578),#39,.T.);
#1732=ADVANCED_FACE('',(#1579),#1679,.T.);
#1733=ADVANCED_FACE('',(#1580),#40,.F.);
#1734=ADVANCED_FACE('',(#1581),#41,.F.);
#1735=ADVANCED_FACE('',(#1582),#1680,.T.);
#1736=ADVANCED_FACE('',(#1583),#42,.T.);
#1737=ADVANCED_FACE('',(#1584),#43,.F.);
#1738=ADVANCED_FACE('',(#1585),#44,.T.);
#1739=ADVANCED_FACE('',(#1586),#1681,.T.);
#1740=ADVANCED_FACE('',(#1587),#1682,.T.);
#1741=ADVANCED_FACE('',(#1588),#1683,.T.);
#1742=ADVANCED_FACE('',(#1589),#45,.F.);
#1743=ADVANCED_FACE('',(#1590),#46,.T.);
#1744=ADVANCED_FACE('',(#1591),#47,.F.);
#1745=ADVANCED_FACE('',(#1592),#1684,.T.);
#1746=ADVANCED_FACE('',(#1593),#48,.T.);
#1747=ADVANCED_FACE('',(#1594),#49,.T.);
#1748=ADVANCED_FACE('',(#1595),#1685,.T.);
#1749=ADVANCED_FACE('',(#1596),#50,.F.);
#1750=ADVANCED_FACE('',(#1597),#1686,.T.);
#1751=ADVANCED_FACE('',(#1598),#1687,.T.);
#1752=ADVANCED_FACE('',(#1599),#1688,.T.);
#1753=ADVANCED_FACE('',(#1600),#51,.T.);
#1754=ADVANCED_FACE('',(#1601,#1602,#1603),#1689,.T.);
#1755=ADVANCED_FACE('',(#1604),#1690,.T.);
#1756=ADVANCED_FACE('',(#1605),#1691,.T.);
#1757=ADVANCED_FACE('',(#1606),#1692,.T.);
#1758=ADVANCED_FACE('',(#1607,#1608,#1609),#1693,.T.);
#1759=ADVANCED_FACE('',(#1610),#52,.F.);
#1760=ADVANCED_FACE('',(#1611),#1694,.F.);
#1761=ADVANCED_FACE('',(#1612),#1695,.T.);
#1762=ADVANCED_FACE('',(#1613,#1614),#29,.F.);
#1763=ADVANCED_FACE('',(#1615,#1616),#26,.F.);
#1764=ADVANCED_FACE('',(#1617,#1618),#30,.T.);
#1765=ADVANCED_FACE('',(#1619,#1620),#24,.T.);
#1766=ADVANCED_FACE('',(#1621,#1622),#25,.F.);
#1767=ADVANCED_FACE('',(#1623,#1624),#53,.F.);
#1768=ADVANCED_FACE('',(#1625),#1696,.T.);
#1769=ADVANCED_FACE('',(#1626),#54,.F.);
#1770=ADVANCED_FACE('',(#1627),#1697,.T.);
#1771=ADVANCED_FACE('',(#1628),#55,.F.);
#1772=ADVANCED_FACE('',(#1629),#1698,.F.);
#1773=ADVANCED_FACE('',(#1630),#56,.F.);
#1774=ADVANCED_FACE('',(#1631),#1699,.F.);
#1775=ADVANCED_FACE('',(#1632),#57,.F.);
#1776=ADVANCED_FACE('',(#1633),#58,.F.);
#1777=ADVANCED_FACE('',(#1634),#1700,.F.);
#1778=ADVANCED_FACE('',(#1635),#59,.F.);
#1779=ADVANCED_FACE('',(#1636),#1701,.F.);
#1780=ADVANCED_FACE('',(#1637),#1702,.T.);
#1781=ADVANCED_FACE('',(#1638),#1703,.F.);
#1782=ADVANCED_FACE('',(#1639),#1704,.F.);
#1783=ADVANCED_FACE('',(#1640),#1705,.F.);
#1784=ADVANCED_FACE('',(#1641),#1706,.F.);
#1785=ADVANCED_FACE('',(#1642),#1707,.T.);
#1786=ADVANCED_FACE('',(#1643),#1708,.F.);
#1787=ADVANCED_FACE('',(#1644),#1709,.F.);
#1788=ADVANCED_FACE('',(#1645),#1710,.F.);
#1789=ADVANCED_FACE('',(#1646),#1711,.F.);
#1790=ADVANCED_FACE('',(#1647),#1712,.F.);
#1791=ADVANCED_FACE('',(#1648),#1713,.F.);
#1792=ADVANCED_FACE('',(#1649),#1714,.F.);
#1793=ADVANCED_FACE('',(#1650),#1715,.F.);
#1794=ADVANCED_FACE('',(#1651),#1716,.T.);
#1795=ADVANCED_FACE('',(#1652),#60,.T.);
#1796=ADVANCED_FACE('',(#1653),#61,.T.);
#1797=ADVANCED_FACE('',(#1654),#62,.T.);
#1798=ADVANCED_FACE('',(#1655),#63,.T.);
#1799=ADVANCED_FACE('',(#1656),#64,.T.);
#1800=ADVANCED_FACE('',(#1657),#65,.T.);
#1801=ADVANCED_FACE('',(#1658),#66,.T.);
#1802=ADVANCED_FACE('',(#1659),#67,.T.);
#1803=ADVANCED_FACE('',(#1660),#68,.T.);
#1804=ADVANCED_FACE('',(#1661),#69,.T.);
#1805=ADVANCED_FACE('',(#1662),#70,.T.);
#1806=ADVANCED_FACE('',(#1663),#71,.T.);
#1807=ADVANCED_FACE('',(#1664),#72,.F.);
#1808=ADVANCED_FACE('',(#1665),#73,.T.);
#1809=ADVANCED_FACE('',(#1666),#74,.T.);
#1810=ADVANCED_FACE('',(#1667),#75,.T.);
#1811=ADVANCED_FACE('',(#1668),#76,.T.);
#1812=CLOSED_SHELL('',(#1717,#1718,#1719,#1720,#1721,#1722,#1723,#1724,
#1725,#1726,#1727,#1728,#1729,#1730,#1731,#1732,#1733,#1734,#1735,#1736,
#1737,#1738,#1739,#1740,#1741,#1742,#1743,#1744,#1745,#1746,#1747,#1748,
#1749,#1750,#1751,#1752,#1753,#1754,#1755,#1756,#1757,#1758,#1759,#1760,
#1761,#1762,#1763,#1764,#1765,#1766,#1767,#1768,#1769,#1770,#1771,#1772,
#1773,#1774,#1775,#1776,#1777,#1778,#1779,#1780,#1781,#1782,#1783,#1784,
#1785,#1786,#1787,#1788,#1789,#1790,#1791,#1792,#1793,#1794,#1795,#1796,
#1797,#1798,#1799,#1800,#1801,#1802,#1803,#1804,#1805,#1806,#1807,#1808,
#1809,#1810,#1811));
#1813=STYLED_ITEM('',(#1814),#1821);
#1814=PRESENTATION_STYLE_ASSIGNMENT((#1815));
#1815=SURFACE_STYLE_USAGE(.BOTH.,#1816);
#1816=SURFACE_SIDE_STYLE('',(#1817));
#1817=SURFACE_STYLE_FILL_AREA(#1818);
#1818=FILL_AREA_STYLE('',(#1819));
#1819=FILL_AREA_STYLE_COLOUR('',#1820);
#1820=COLOUR_RGB('',0.699999988079071,0.699999988079071,0.699999988079071);
#1821=MANIFOLD_SOLID_BREP('',#1812);
#1822=SHAPE_DEFINITION_REPRESENTATION(#3099,#1823);
#1823=SHAPE_REPRESENTATION('PRT-13113',(#1824),#3094);
#1824=AXIS2_PLACEMENT_3D('',#2550,#2011,#2012);
#1825=AXIS2_PLACEMENT_3D('',#2551,#2013,#2014);
#1826=AXIS2_PLACEMENT_3D('',#2561,#2019,#2020);
#1827=AXIS2_PLACEMENT_3D('',#2562,#2021,#2022);
#1828=AXIS2_PLACEMENT_3D('',#2568,#2025,#2026);
#1829=AXIS2_PLACEMENT_3D('',#2573,#2029,#2030);
#1830=AXIS2_PLACEMENT_3D('',#2583,#2035,#2036);
#1831=AXIS2_PLACEMENT_3D('',#2584,#2037,#2038);
#1832=AXIS2_PLACEMENT_3D('',#2589,#2041,#2042);
#1833=AXIS2_PLACEMENT_3D('',#2593,#2044,#2045);
#1834=AXIS2_PLACEMENT_3D('',#2598,#2048,#2049);
#1835=AXIS2_PLACEMENT_3D('',#2602,#2051,#2052);
#1836=AXIS2_PLACEMENT_3D('',#2607,#2055,#2056);
#1837=AXIS2_PLACEMENT_3D('',#2611,#2058,#2059);
#1838=AXIS2_PLACEMENT_3D('',#2628,#2068,#2069);
#1839=AXIS2_PLACEMENT_3D('',#2632,#2071,#2072);
#1840=AXIS2_PLACEMENT_3D('',#2641,#2077,#2078);
#1841=AXIS2_PLACEMENT_3D('',#2642,#2079,#2080);
#1842=AXIS2_PLACEMENT_3D('',#2646,#2082,#2083);
#1843=AXIS2_PLACEMENT_3D('',#2671,#2096,#2097);
#1844=AXIS2_PLACEMENT_3D('',#2681,#2102,#2103);
#1845=AXIS2_PLACEMENT_3D('',#2684,#2105,#2106);
#1846=AXIS2_PLACEMENT_3D('',#2692,#2110,#2111);
#1847=AXIS2_PLACEMENT_3D('',#2694,#2112,#2113);
#1848=AXIS2_PLACEMENT_3D('',#2696,#2114,#2115);
#1849=AXIS2_PLACEMENT_3D('',#2700,#2117,#2118);
#1850=AXIS2_PLACEMENT_3D('',#2703,#2120,#2121);
#1851=AXIS2_PLACEMENT_3D('',#2707,#2123,#2124);
#1852=AXIS2_PLACEMENT_3D('',#2709,#2125,#2126);
#1853=AXIS2_PLACEMENT_3D('',#2711,#2127,#2128);
#1854=AXIS2_PLACEMENT_3D('',#2712,#2129,#2130);
#1855=AXIS2_PLACEMENT_3D('',#2720,#2134,#2135);
#1856=AXIS2_PLACEMENT_3D('',#2722,#2136,#2137);
#1857=AXIS2_PLACEMENT_3D('',#2724,#2138,#2139);
#1858=AXIS2_PLACEMENT_3D('',#2728,#2141,#2142);
#1859=AXIS2_PLACEMENT_3D('',#2731,#2144,#2145);
#1860=AXIS2_PLACEMENT_3D('',#2735,#2147,#2148);
#1861=AXIS2_PLACEMENT_3D('',#2737,#2149,#2150);
#1862=AXIS2_PLACEMENT_3D('',#2739,#2151,#2152);
#1863=AXIS2_PLACEMENT_3D('',#2740,#2153,#2154);
#1864=AXIS2_PLACEMENT_3D('',#2741,#2155,#2156);
#1865=AXIS2_PLACEMENT_3D('',#2746,#2159,#2160);
#1866=AXIS2_PLACEMENT_3D('',#2747,#2161,#2162);
#1867=AXIS2_PLACEMENT_3D('',#2750,#2164,#2165);
#1868=AXIS2_PLACEMENT_3D('',#2754,#2167,#2168);
#1869=AXIS2_PLACEMENT_3D('',#2757,#2170,#2171);
#1870=AXIS2_PLACEMENT_3D('',#2758,#2172,#2173);
#1871=AXIS2_PLACEMENT_3D('',#2764,#2177,#2178);
#1872=AXIS2_PLACEMENT_3D('',#2768,#2180,#2181);
#1873=AXIS2_PLACEMENT_3D('',#2769,#2182,#2183);
#1874=AXIS2_PLACEMENT_3D('',#2771,#2185,#2186);
#1875=AXIS2_PLACEMENT_3D('',#2772,#2187,#2188);
#1876=AXIS2_PLACEMENT_3D('',#2775,#2190,#2191);
#1877=AXIS2_PLACEMENT_3D('',#2776,#2192,#2193);
#1878=AXIS2_PLACEMENT_3D('',#2779,#2195,#2196);
#1879=AXIS2_PLACEMENT_3D('',#2780,#2197,#2198);
#1880=AXIS2_PLACEMENT_3D('',#2783,#2200,#2201);
#1881=AXIS2_PLACEMENT_3D('',#2787,#2204,#2205);
#1882=AXIS2_PLACEMENT_3D('',#2788,#2206,#2207);
#1883=AXIS2_PLACEMENT_3D('',#2789,#2208,#2209);
#1884=AXIS2_PLACEMENT_3D('',#2790,#2210,#2211);
#1885=AXIS2_PLACEMENT_3D('',#2793,#2213,#2214);
#1886=AXIS2_PLACEMENT_3D('',#2797,#2217,#2218);
#1887=AXIS2_PLACEMENT_3D('',#2798,#2219,#2220);
#1888=AXIS2_PLACEMENT_3D('',#2801,#2222,#2223);
#1889=AXIS2_PLACEMENT_3D('',#2802,#2224,#2225);
#1890=AXIS2_PLACEMENT_3D('',#2805,#2227,#2228);
#1891=AXIS2_PLACEMENT_3D('',#2806,#2229,#2230);
#1892=AXIS2_PLACEMENT_3D('',#2809,#2232,#2233);
#1893=AXIS2_PLACEMENT_3D('',#2813,#2235,#2236);
#1894=AXIS2_PLACEMENT_3D('',#2816,#2238,#2239);
#1895=AXIS2_PLACEMENT_3D('',#2817,#2240,#2241);
#1896=AXIS2_PLACEMENT_3D('',#2823,#2245,#2246);
#1897=AXIS2_PLACEMENT_3D('',#2827,#2248,#2249);
#1898=AXIS2_PLACEMENT_3D('',#2828,#2250,#2251);
#1899=AXIS2_PLACEMENT_3D('',#2830,#2253,#2254);
#1900=AXIS2_PLACEMENT_3D('',#2831,#2255,#2256);
#1901=AXIS2_PLACEMENT_3D('',#2834,#2258,#2259);
#1902=AXIS2_PLACEMENT_3D('',#2835,#2260,#2261);
#1903=AXIS2_PLACEMENT_3D('',#2838,#2263,#2264);
#1904=AXIS2_PLACEMENT_3D('',#2839,#2265,#2266);
#1905=AXIS2_PLACEMENT_3D('',#2842,#2268,#2269);
#1906=AXIS2_PLACEMENT_3D('',#2846,#2272,#2273);
#1907=AXIS2_PLACEMENT_3D('',#2847,#2274,#2275);
#1908=AXIS2_PLACEMENT_3D('',#2848,#2276,#2277);
#1909=AXIS2_PLACEMENT_3D('',#2849,#2278,#2279);
#1910=AXIS2_PLACEMENT_3D('',#2850,#2280,#2281);
#1911=AXIS2_PLACEMENT_3D('',#2852,#2282,#2283);
#1912=AXIS2_PLACEMENT_3D('',#2854,#2285,#2286);
#1913=AXIS2_PLACEMENT_3D('',#2858,#2289,#2290);
#1914=AXIS2_PLACEMENT_3D('',#2859,#2291,#2292);
#1915=AXIS2_PLACEMENT_3D('',#2860,#2293,#2294);
#1916=AXIS2_PLACEMENT_3D('',#2863,#2297,#2298);
#1917=AXIS2_PLACEMENT_3D('',#2865,#2300,#2301);
#1918=AXIS2_PLACEMENT_3D('',#2867,#2303,#2304);
#1919=AXIS2_PLACEMENT_3D('',#2868,#2305,#2306);
#1920=AXIS2_PLACEMENT_3D('',#2870,#2307,#2308);
#1921=AXIS2_PLACEMENT_3D('',#2873,#2310,#2311);
#1922=AXIS2_PLACEMENT_3D('',#2874,#2312,#2313);
#1923=AXIS2_PLACEMENT_3D('',#2876,#2314,#2315);
#1924=AXIS2_PLACEMENT_3D('',#2878,#2316,#2317);
#1925=AXIS2_PLACEMENT_3D('',#2883,#2319,#2320);
#1926=AXIS2_PLACEMENT_3D('',#2887,#2323,#2324);
#1927=AXIS2_PLACEMENT_3D('',#2888,#2325,#2326);
#1928=AXIS2_PLACEMENT_3D('',#2893,#2328,#2329);
#1929=AXIS2_PLACEMENT_3D('',#2896,#2331,#2332);
#1930=AXIS2_PLACEMENT_3D('',#2902,#2336,#2337);
#1931=AXIS2_PLACEMENT_3D('',#2903,#2338,#2339);
#1932=AXIS2_PLACEMENT_3D('',#2907,#2341,#2342);
#1933=AXIS2_PLACEMENT_3D('',#2908,#2343,#2344);
#1934=AXIS2_PLACEMENT_3D('',#2909,#2345,#2346);
#1935=AXIS2_PLACEMENT_3D('',#2911,#2347,#2348);
#1936=AXIS2_PLACEMENT_3D('',#2913,#2349,#2350);
#1937=AXIS2_PLACEMENT_3D('',#2918,#2352,#2353);
#1938=AXIS2_PLACEMENT_3D('',#2925,#2357,#2358);
#1939=AXIS2_PLACEMENT_3D('',#2926,#2359,#2360);
#1940=AXIS2_PLACEMENT_3D('',#2927,#2361,#2362);
#1941=AXIS2_PLACEMENT_3D('',#2928,#2363,#2364);
#1942=AXIS2_PLACEMENT_3D('',#2930,#2366,#2367);
#1943=AXIS2_PLACEMENT_3D('',#2932,#2369,#2370);
#1944=AXIS2_PLACEMENT_3D('',#2933,#2371,#2372);
#1945=AXIS2_PLACEMENT_3D('',#2936,#2373,#2374);
#1946=AXIS2_PLACEMENT_3D('',#2937,#2375,#2376);
#1947=AXIS2_PLACEMENT_3D('',#2940,#2377,#2378);
#1948=AXIS2_PLACEMENT_3D('',#2941,#2379,#2380);
#1949=AXIS2_PLACEMENT_3D('',#2943,#2381,#2382);
#1950=AXIS2_PLACEMENT_3D('',#2944,#2383,#2384);
#1951=AXIS2_PLACEMENT_3D('',#2945,#2385,#2386);
#1952=AXIS2_PLACEMENT_3D('',#2946,#2387,#2388);
#1953=AXIS2_PLACEMENT_3D('',#2949,#2391,#2392);
#1954=AXIS2_PLACEMENT_3D('',#2950,#2393,#2394);
#1955=AXIS2_PLACEMENT_3D('',#2954,#2397,#2398);
#1956=AXIS2_PLACEMENT_3D('',#2955,#2399,#2400);
#1957=AXIS2_PLACEMENT_3D('',#2956,#2401,#2402);
#1958=AXIS2_PLACEMENT_3D('',#2959,#2405,#2406);
#1959=AXIS2_PLACEMENT_3D('',#2960,#2407,#2408);
#1960=AXIS2_PLACEMENT_3D('',#2963,#2410,#2411);
#1961=AXIS2_PLACEMENT_3D('',#2965,#2413,#2414);
#1962=AXIS2_PLACEMENT_3D('',#2966,#2415,#2416);
#1963=AXIS2_PLACEMENT_3D('',#2968,#2418,#2419);
#1964=AXIS2_PLACEMENT_3D('',#2971,#2421,#2422);
#1965=AXIS2_PLACEMENT_3D('',#2973,#2424,#2425);
#1966=AXIS2_PLACEMENT_3D('',#2975,#2427,#2428);
#1967=AXIS2_PLACEMENT_3D('',#2976,#2429,#2430);
#1968=AXIS2_PLACEMENT_3D('',#2985,#2435,#2436);
#1969=AXIS2_PLACEMENT_3D('',#2991,#2440,#2441);
#1970=AXIS2_PLACEMENT_3D('',#2995,#2444,#2445);
#1971=AXIS2_PLACEMENT_3D('',#2996,#2446,#2447);
#1972=AXIS2_PLACEMENT_3D('',#2997,#2448,#2449);
#1973=AXIS2_PLACEMENT_3D('',#3001,#2452,#2453);
#1974=AXIS2_PLACEMENT_3D('',#3002,#2454,#2455);
#1975=AXIS2_PLACEMENT_3D('',#3003,#2456,#2457);
#1976=AXIS2_PLACEMENT_3D('',#3004,#2458,#2459);
#1977=AXIS2_PLACEMENT_3D('',#3013,#2464,#2465);
#1978=AXIS2_PLACEMENT_3D('',#3017,#2468,#2469);
#1979=AXIS2_PLACEMENT_3D('',#3018,#2470,#2471);
#1980=AXIS2_PLACEMENT_3D('',#3021,#2473,#2474);
#1981=AXIS2_PLACEMENT_3D('',#3025,#2477,#2478);
#1982=AXIS2_PLACEMENT_3D('',#3028,#2480,#2481);
#1983=AXIS2_PLACEMENT_3D('',#3029,#2482,#2483);
#1984=AXIS2_PLACEMENT_3D('',#3030,#2484,#2485);
#1985=AXIS2_PLACEMENT_3D('',#3032,#2487,#2488);
#1986=AXIS2_PLACEMENT_3D('',#3038,#2492,#2493);
#1987=AXIS2_PLACEMENT_3D('',#3042,#2496,#2497);
#1988=AXIS2_PLACEMENT_3D('',#3046,#2499,#2500);
#1989=AXIS2_PLACEMENT_3D('',#3047,#2501,#2502);
#1990=AXIS2_PLACEMENT_3D('',#3051,#2505,#2506);
#1991=AXIS2_PLACEMENT_3D('',#3055,#2508,#2509);
#1992=AXIS2_PLACEMENT_3D('',#3056,#2510,#2511);
#1993=AXIS2_PLACEMENT_3D('',#3057,#2512,#2513);
#1994=AXIS2_PLACEMENT_3D('',#3060,#2516,#2517);
#1995=AXIS2_PLACEMENT_3D('',#3061,#2518,#2519);
#1996=AXIS2_PLACEMENT_3D('',#3062,#2520,#2521);
#1997=AXIS2_PLACEMENT_3D('',#3063,#2522,#2523);
#1998=AXIS2_PLACEMENT_3D('',#3064,#2524,#2525);
#1999=AXIS2_PLACEMENT_3D('',#3065,#2526,#2527);
#2000=AXIS2_PLACEMENT_3D('',#3066,#2528,#2529);
#2001=AXIS2_PLACEMENT_3D('',#3067,#2530,#2531);
#2002=AXIS2_PLACEMENT_3D('',#3068,#2532,#2533);
#2003=AXIS2_PLACEMENT_3D('',#3069,#2534,#2535);
#2004=AXIS2_PLACEMENT_3D('',#3070,#2536,#2537);
#2005=AXIS2_PLACEMENT_3D('',#3079,#2538,#2539);
#2006=AXIS2_PLACEMENT_3D('',#3088,#2540,#2541);
#2007=AXIS2_PLACEMENT_3D('',#3089,#2542,#2543);
#2008=AXIS2_PLACEMENT_3D('',#3090,#2544,#2545);
#2009=AXIS2_PLACEMENT_3D('',#3091,#2546,#2547);
#2010=AXIS2_PLACEMENT_3D('',#3092,#2548,#2549);
#2011=DIRECTION('',(0.,0.,1.));
#2012=DIRECTION('',(1.,0.,0.));
#2013=DIRECTION('',(-1.,0.,-9.790929207945E-17));
#2014=DIRECTION('',(-9.790929207945E-17,0.,1.));
#2015=DIRECTION('',(0.,1.,0.));
#2016=DIRECTION('',(9.790929207945E-17,0.,-1.));
#2017=DIRECTION('',(0.,1.,0.));
#2018=DIRECTION('',(-9.790929207945E-17,0.,1.));
#2019=DIRECTION('',(-1.,0.,-9.790929207945E-17));
#2020=DIRECTION('',(-9.790929207945E-17,0.,1.));
#2021=DIRECTION('',(1.,0.,-1.99903209986953E-16));
#2022=DIRECTION('',(-1.99903209986953E-16,0.,-1.));
#2023=DIRECTION('',(1.99903209986953E-16,0.,1.));
#2024=DIRECTION('',(0.,1.,0.));
#2025=DIRECTION('',(1.,0.,-1.99903209986953E-16));
#2026=DIRECTION('',(-1.99903209986953E-16,0.,-1.));
#2027=DIRECTION('',(-1.99903209986953E-16,0.,-1.));
#2028=DIRECTION('',(0.,1.,0.));
#2029=DIRECTION('',(1.,0.,1.99903209986953E-16));
#2030=DIRECTION('',(1.99903209986953E-16,0.,-1.));
#2031=DIRECTION('',(0.,1.,0.));
#2032=DIRECTION('',(-1.99903209986953E-16,0.,1.));
#2033=DIRECTION('',(0.,1.,0.));
#2034=DIRECTION('',(1.99903209986953E-16,0.,-1.));
#2035=DIRECTION('',(1.,0.,1.99903209986953E-16));
#2036=DIRECTION('',(1.99903209986953E-16,0.,-1.));
#2037=DIRECTION('',(0.,1.,0.));
#2038=DIRECTION('',(0.,0.,1.));
#2039=DIRECTION('',(-9.790929207945E-17,0.,-1.));
#2040=DIRECTION('',(1.,0.,-9.5781704528993E-17));
#2041=DIRECTION('',(0.,1.,0.));
#2042=DIRECTION('',(0.,0.,1.));
#2043=DIRECTION('',(-1.,0.,0.));
#2044=DIRECTION('',(0.,1.,0.));
#2045=DIRECTION('',(0.,0.,1.));
#2046=DIRECTION('',(-2.99854814980429E-16,0.,1.));
#2047=DIRECTION('',(-1.,0.,-7.38219966613703E-16));
#2048=DIRECTION('',(0.,1.,0.));
#2049=DIRECTION('',(0.,0.,1.));
#2050=DIRECTION('',(1.,0.,0.));
#2051=DIRECTION('',(0.,1.,0.));
#2052=DIRECTION('',(0.,0.,1.));
#2053=DIRECTION('',(-1.,0.,-7.38219966613703E-16));
#2054=DIRECTION('',(2.99854814980429E-16,0.,1.));
#2055=DIRECTION('',(0.,1.,0.));
#2056=DIRECTION('',(0.,0.,1.));
#2057=DIRECTION('',(-1.,0.,0.));
#2058=DIRECTION('',(0.,1.,0.));
#2059=DIRECTION('',(0.,0.,1.));
#2060=DIRECTION('',(1.,0.,0.));
#2061=DIRECTION('',(0.,0.,-1.));
#2062=DIRECTION('',(-1.,0.,0.));
#2063=DIRECTION('',(0.,0.,-1.));
#2064=DIRECTION('',(-1.,0.,0.));
#2065=DIRECTION('',(0.,0.,-1.));
#2066=DIRECTION('',(-1.,0.,0.));
#2067=DIRECTION('',(0.,0.,-1.));
#2068=DIRECTION('',(0.,-1.,0.));
#2069=DIRECTION('',(0.,0.,-1.));
#2070=DIRECTION('',(1.,0.,0.));
#2071=DIRECTION('',(0.,-1.,0.));
#2072=DIRECTION('',(0.,0.,-1.));
#2073=DIRECTION('',(9.790929207945E-17,0.,-1.));
#2074=DIRECTION('',(-1.,0.,0.));
#2075=DIRECTION('',(9.790929207945E-17,0.,1.));
#2076=DIRECTION('',(9.790929207945E-17,0.,1.));
#2077=DIRECTION('',(0.,-1.,0.));
#2078=DIRECTION('',(0.,0.,-1.));
#2079=DIRECTION('',(0.,-1.,0.));
#2080=DIRECTION('',(0.,0.,-1.));
#2081=DIRECTION('',(1.,0.,0.));
#2082=DIRECTION('',(0.,-1.,0.));
#2083=DIRECTION('',(0.,0.,-1.));
#2084=DIRECTION('',(-2.99854814980429E-16,0.,-1.));
#2085=DIRECTION('',(-2.99854814980429E-16,0.,-1.));
#2086=DIRECTION('',(-1.,0.,0.));
#2087=DIRECTION('',(1.99903209986953E-16,0.,1.));
#2088=DIRECTION('',(-1.,0.,0.));
#2089=DIRECTION('',(0.,0.,-1.));
#2090=DIRECTION('',(-1.,0.,0.));
#2091=DIRECTION('',(0.,0.,1.));
#2092=DIRECTION('',(-1.,0.,0.));
#2093=DIRECTION('',(0.,0.,1.));
#2094=DIRECTION('',(-1.,0.,0.));
#2095=DIRECTION('',(0.,0.,-1.));
#2096=DIRECTION('',(0.,-1.,0.));
#2097=DIRECTION('',(0.,0.,-1.));
#2098=DIRECTION('',(-1.99903209986953E-16,0.,1.));
#2099=DIRECTION('',(1.,0.,0.));
#2100=DIRECTION('',(2.99854814980429E-16,0.,-1.));
#2101=DIRECTION('',(2.99854814980429E-16,0.,-1.));
#2102=DIRECTION('',(0.,-1.,0.));
#2103=DIRECTION('',(0.,0.,-1.));
#2104=DIRECTION('',(-1.,0.,0.));
#2105=DIRECTION('',(0.,0.,-1.));
#2106=DIRECTION('',(-1.,0.,0.));
#2107=DIRECTION('',(0.51707256106699,-0.855941567276425,0.));
#2108=DIRECTION('',(0.855941567276426,0.51707256106699,0.));
#2109=DIRECTION('',(-0.517072561066991,0.855941567276425,0.));
#2110=DIRECTION('',(0.,0.,1.));
#2111=DIRECTION('',(-1.,0.,0.));
#2112=DIRECTION('',(0.,0.,-1.));
#2113=DIRECTION('',(1.,0.,0.));
#2114=DIRECTION('',(0.,0.,1.));
#2115=DIRECTION('',(1.,0.,0.));
#2116=DIRECTION('',(0.,1.,0.));
#2117=DIRECTION('',(0.,0.,-1.));
#2118=DIRECTION('',(1.,0.,0.));
#2119=DIRECTION('',(-6.12303176911189E-17,-1.,0.));
#2120=DIRECTION('',(0.,0.,1.));
#2121=DIRECTION('',(1.,0.,0.));
#2122=DIRECTION('',(9.27578992136082E-16,-1.,0.));
#2123=DIRECTION('',(0.,0.,-1.));
#2124=DIRECTION('',(-1.,0.,0.));
#2125=DIRECTION('',(0.,0.,1.));
#2126=DIRECTION('',(1.,0.,0.));
#2127=DIRECTION('',(0.,0.,-1.));
#2128=DIRECTION('',(1.,0.,0.));
#2129=DIRECTION('',(0.,0.,-1.));
#2130=DIRECTION('',(-1.,0.,0.));
#2131=DIRECTION('',(-0.51707256106699,-0.855941567276425,0.));
#2132=DIRECTION('',(0.855941567276426,-0.51707256106699,0.));
#2133=DIRECTION('',(0.517072561066991,0.855941567276425,0.));
#2134=DIRECTION('',(0.,0.,-1.));
#2135=DIRECTION('',(1.,0.,0.));
#2136=DIRECTION('',(0.,0.,1.));
#2137=DIRECTION('',(-1.,0.,0.));
#2138=DIRECTION('',(0.,0.,-1.));
#2139=DIRECTION('',(1.,0.,0.));
#2140=DIRECTION('',(0.,1.,0.));
#2141=DIRECTION('',(0.,0.,1.));
#2142=DIRECTION('',(-1.,0.,0.));
#2143=DIRECTION('',(-6.12303176911189E-17,-1.,0.));
#2144=DIRECTION('',(0.,0.,-1.));
#2145=DIRECTION('',(-1.,0.,0.));
#2146=DIRECTION('',(-9.27578992136082E-16,-1.,0.));
#2147=DIRECTION('',(0.,0.,1.));
#2148=DIRECTION('',(1.,0.,0.));
#2149=DIRECTION('',(0.,0.,-1.));
#2150=DIRECTION('',(-1.,0.,0.));
#2151=DIRECTION('',(0.,0.,1.));
#2152=DIRECTION('',(1.,0.,0.));
#2153=DIRECTION('',(0.,0.,-1.));
#2154=DIRECTION('',(-1.,0.,0.));
#2155=DIRECTION('',(0.,0.,-1.));
#2156=DIRECTION('',(1.,0.,0.));
#2157=DIRECTION('',(0.,0.,-1.));
#2158=DIRECTION('',(0.,0.,-1.));
#2159=DIRECTION('',(0.,0.,-1.));
#2160=DIRECTION('',(-1.,0.,0.));
#2161=DIRECTION('',(0.,0.,1.));
#2162=DIRECTION('',(-1.,0.,0.));
#2163=DIRECTION('',(0.,0.,-1.));
#2164=DIRECTION('',(-0.855941567276425,-0.517072561066991,0.));
#2165=DIRECTION('',(0.517072561066991,-0.855941567276425,0.));
#2166=DIRECTION('',(0.,0.,-1.));
#2167=DIRECTION('',(-0.855941567276425,-0.517072561066991,0.));
#2168=DIRECTION('',(0.517072561066991,-0.855941567276425,0.));
#2169=DIRECTION('',(-0.517072561066991,0.855941567276425,0.));
#2170=DIRECTION('',(-0.855941567276425,-0.517072561066991,0.));
#2171=DIRECTION('',(0.517072561066991,-0.855941567276425,0.));
#2172=DIRECTION('',(-0.51707256106699,0.855941567276426,0.));
#2173=DIRECTION('',(-0.855941567276426,-0.51707256106699,0.));
#2174=DIRECTION('',(0.,0.,-1.));
#2175=DIRECTION('',(0.855941567276426,0.51707256106699,0.));
#2176=DIRECTION('',(0.855941567276426,0.51707256106699,0.));
#2177=DIRECTION('',(0.855941567276425,0.51707256106699,0.));
#2178=DIRECTION('',(-0.517072561066991,0.855941567276426,0.));
#2179=DIRECTION('',(0.51707256106699,-0.855941567276425,0.));
#2180=DIRECTION('',(0.855941567276425,0.51707256106699,0.));
#2181=DIRECTION('',(-0.517072561066991,0.855941567276426,0.));
#2182=DIRECTION('',(0.855941567276425,0.51707256106699,0.));
#2183=DIRECTION('',(-0.517072561066991,0.855941567276426,0.));
#2184=DIRECTION('',(0.,0.,-1.));
#2185=DIRECTION('',(0.,0.,-1.));
#2186=DIRECTION('',(-1.,0.,0.));
#2187=DIRECTION('',(0.,0.,-1.));
#2188=DIRECTION('',(-1.,0.,0.));
#2189=DIRECTION('',(0.,0.,-1.));
#2190=DIRECTION('',(0.,0.,-1.));
#2191=DIRECTION('',(-1.,0.,0.));
#2192=DIRECTION('',(0.,0.,1.));
#2193=DIRECTION('',(1.,0.,0.));
#2194=DIRECTION('',(0.,0.,-1.));
#2195=DIRECTION('',(0.,0.,-1.));
#2196=DIRECTION('',(-1.,0.,0.));
#2197=DIRECTION('',(0.,0.,-1.));
#2198=DIRECTION('',(-1.,0.,0.));
#2199=DIRECTION('',(0.,0.,-1.));
#2200=DIRECTION('',(1.,9.27578992136082E-16,0.));
#2201=DIRECTION('',(-9.27578992136082E-16,1.,0.));
#2202=DIRECTION('',(9.27578992136082E-16,-1.,0.));
#2203=DIRECTION('',(0.,0.,-1.));
#2204=DIRECTION('',(0.,0.,-1.));
#2205=DIRECTION('',(-1.,0.,0.));
#2206=DIRECTION('',(0.,0.,1.));
#2207=DIRECTION('',(1.,0.,0.));
#2208=DIRECTION('',(0.,0.,-1.));
#2209=DIRECTION('',(-1.,0.,0.));
#2210=DIRECTION('',(0.,0.,1.));
#2211=DIRECTION('',(-1.,0.,0.));
#2212=DIRECTION('',(0.,0.,-1.));
#2213=DIRECTION('',(-1.,0.,0.));
#2214=DIRECTION('',(0.,0.,1.));
#2215=DIRECTION('',(0.,1.,0.));
#2216=DIRECTION('',(0.,0.,-1.));
#2217=DIRECTION('',(0.,0.,-1.));
#2218=DIRECTION('',(-1.,0.,0.));
#2219=DIRECTION('',(0.,0.,-1.));
#2220=DIRECTION('',(1.,0.,0.));
#2221=DIRECTION('',(0.,0.,-1.));
#2222=DIRECTION('',(0.,0.,-1.));
#2223=DIRECTION('',(-1.,0.,0.));
#2224=DIRECTION('',(0.,0.,1.));
#2225=DIRECTION('',(-1.,0.,0.));
#2226=DIRECTION('',(0.,0.,-1.));
#2227=DIRECTION('',(0.,0.,-1.));
#2228=DIRECTION('',(-1.,0.,0.));
#2229=DIRECTION('',(0.,0.,-1.));
#2230=DIRECTION('',(1.,0.,0.));
#2231=DIRECTION('',(0.,0.,-1.));
#2232=DIRECTION('',(-0.855941567276425,0.517072561066991,0.));
#2233=DIRECTION('',(-0.517072561066991,-0.855941567276425,0.));
#2234=DIRECTION('',(0.,0.,-1.));
#2235=DIRECTION('',(-0.855941567276425,0.517072561066991,0.));
#2236=DIRECTION('',(-0.517072561066991,-0.855941567276425,0.));
#2237=DIRECTION('',(0.517072561066991,0.855941567276425,0.));
#2238=DIRECTION('',(-0.855941567276425,0.517072561066991,0.));
#2239=DIRECTION('',(-0.517072561066991,-0.855941567276425,0.));
#2240=DIRECTION('',(0.51707256106699,0.855941567276426,0.));
#2241=DIRECTION('',(-0.855941567276426,0.51707256106699,0.));
#2242=DIRECTION('',(0.,0.,-1.));
#2243=DIRECTION('',(0.855941567276426,-0.51707256106699,0.));
#2244=DIRECTION('',(0.855941567276426,-0.51707256106699,0.));
#2245=DIRECTION('',(0.855941567276425,-0.51707256106699,0.));
#2246=DIRECTION('',(0.517072561066991,0.855941567276426,0.));
#2247=DIRECTION('',(-0.51707256106699,-0.855941567276425,0.));
#2248=DIRECTION('',(0.855941567276425,-0.51707256106699,0.));
#2249=DIRECTION('',(0.517072561066991,0.855941567276426,0.));
#2250=DIRECTION('',(0.855941567276425,-0.51707256106699,0.));
#2251=DIRECTION('',(0.517072561066991,0.855941567276426,0.));
#2252=DIRECTION('',(0.,0.,-1.));
#2253=DIRECTION('',(0.,0.,-1.));
#2254=DIRECTION('',(-1.,0.,0.));
#2255=DIRECTION('',(0.,0.,1.));
#2256=DIRECTION('',(1.,0.,0.));
#2257=DIRECTION('',(0.,0.,-1.));
#2258=DIRECTION('',(0.,0.,-1.));
#2259=DIRECTION('',(-1.,0.,0.));
#2260=DIRECTION('',(0.,0.,-1.));
#2261=DIRECTION('',(-1.,0.,0.));
#2262=DIRECTION('',(0.,0.,-1.));
#2263=DIRECTION('',(0.,0.,-1.));
#2264=DIRECTION('',(-1.,0.,0.));
#2265=DIRECTION('',(0.,0.,1.));
#2266=DIRECTION('',(1.,0.,0.));
#2267=DIRECTION('',(0.,0.,-1.));
#2268=DIRECTION('',(1.,-9.27578992136082E-16,0.));
#2269=DIRECTION('',(9.27578992136082E-16,1.,0.));
#2270=DIRECTION('',(-9.27578992136082E-16,-1.,0.));
#2271=DIRECTION('',(0.,0.,-1.));
#2272=DIRECTION('',(0.,0.,-1.));
#2273=DIRECTION('',(-1.,0.,0.));
#2274=DIRECTION('',(0.,0.,-1.));
#2275=DIRECTION('',(-1.,0.,0.));
#2276=DIRECTION('',(0.,0.,-1.));
#2277=DIRECTION('',(-1.,0.,0.));
#2278=DIRECTION('',(0.,0.,-1.));
#2279=DIRECTION('',(-1.,0.,0.));
#2280=DIRECTION('',(0.,0.,-1.));
#2281=DIRECTION('',(1.,0.,0.));
#2282=DIRECTION('',(0.,0.,-1.));
#2283=DIRECTION('',(1.,0.,0.));
#2284=DIRECTION('',(0.,0.,-1.));
#2285=DIRECTION('',(-1.,0.,0.));
#2286=DIRECTION('',(0.,0.,1.));
#2287=DIRECTION('',(0.,1.,0.));
#2288=DIRECTION('',(0.,0.,-1.));
#2289=DIRECTION('',(0.,0.,-1.));
#2290=DIRECTION('',(-1.,0.,0.));
#2291=DIRECTION('',(0.,0.,1.));
#2292=DIRECTION('',(1.,0.,0.));
#2293=DIRECTION('',(0.,0.,-1.));
#2294=DIRECTION('',(-1.,0.,0.));
#2295=DIRECTION('',(0.855941567276426,0.51707256106699,0.));
#2296=DIRECTION('',(0.855941567276426,-0.51707256106699,0.));
#2297=DIRECTION('',(0.,0.,-1.));
#2298=DIRECTION('',(-1.,0.,0.));
#2299=DIRECTION('',(-6.12303176911189E-17,-1.,0.));
#2300=DIRECTION('',(0.,0.,-1.));
#2301=DIRECTION('',(-1.,0.,0.));
#2302=DIRECTION('',(-6.12303176911189E-17,-1.,0.));
#2303=DIRECTION('',(-1.,0.,0.));
#2304=DIRECTION('',(0.,0.,1.));
#2305=DIRECTION('',(-1.,6.12303176911189E-17,0.));
#2306=DIRECTION('',(6.12303176911189E-17,1.,0.));
#2307=DIRECTION('',(-1.,6.12303176911189E-17,0.));
#2308=DIRECTION('',(6.12303176911189E-17,1.,0.));
#2309=DIRECTION('',(-1.,0.,0.));
#2310=DIRECTION('',(0.,0.0979676916244967,0.995189595704139));
#2311=DIRECTION('',(0.,-0.995189595704139,0.0979676916244967));
#2312=DIRECTION('',(0.,0.0979676916244967,0.995189595704139));
#2313=DIRECTION('',(0.,-0.995189595704139,0.0979676916244967));
#2314=DIRECTION('',(0.,0.0979676916244967,0.995189595704139));
#2315=DIRECTION('',(0.,-0.995189595704139,0.0979676916244967));
#2316=DIRECTION('',(0.,0.0979676916244967,0.995189595704139));
#2317=DIRECTION('',(-4.66601818597842E-17,-0.995189595704139,0.0979676916244967));
#2318=DIRECTION('',(-1.,0.,0.));
#2319=DIRECTION('',(0.,0.0979676916244967,0.995189595704139));
#2320=DIRECTION('',(4.66601818597842E-17,0.995189595704139,-0.0979676916244967));
#2321=DIRECTION('',(6.09357751078606E-17,0.995189595704139,-0.0979676916244967));
#2322=DIRECTION('',(6.09357751078606E-17,0.995189595704139,-0.0979676916244967));
#2323=DIRECTION('',(0.,-0.295207058437207,0.955433300994293));
#2324=DIRECTION('',(0.,-0.955433300994293,-0.295207058437207));
#2325=DIRECTION('',(0.,-0.295207058437207,0.955433300994293));
#2326=DIRECTION('',(0.,-0.955433300994293,-0.295207058437207));
#2327=DIRECTION('',(-1.,0.,0.));
#2328=DIRECTION('',(0.,-0.295207058437207,0.955433300994293));
#2329=DIRECTION('',(0.,-0.955433300994293,-0.295207058437207));
#2330=DIRECTION('',(-1.,0.,0.));
#2331=DIRECTION('',(0.,0.955433300994293,0.295207058437208));
#2332=DIRECTION('',(0.,-0.295207058437208,0.955433300994293));
#2333=DIRECTION('',(1.80756219727709E-17,0.295207058437208,-0.955433300994293));
#2334=DIRECTION('',(-1.,0.,0.));
#2335=DIRECTION('',(1.80756219727709E-17,0.295207058437208,-0.955433300994293));
#2336=DIRECTION('',(0.,0.295207058437207,-0.955433300994293));
#2337=DIRECTION('',(0.,0.955433300994293,0.295207058437207));
#2338=DIRECTION('',(0.,0.295207058437207,-0.955433300994293));
#2339=DIRECTION('',(0.,0.955433300994293,0.295207058437207));
#2340=DIRECTION('',(-1.,0.,0.));
#2341=DIRECTION('',(0.,0.295207058437207,-0.955433300994293));
#2342=DIRECTION('',(0.,0.955433300994293,0.295207058437207));
#2343=DIRECTION('',(0.,-0.0979676916244967,-0.995189595704139));
#2344=DIRECTION('',(0.,0.995189595704139,-0.0979676916244967));
#2345=DIRECTION('',(0.,-0.0979676916244967,-0.995189595704139));
#2346=DIRECTION('',(0.,0.995189595704139,-0.0979676916244967));
#2347=DIRECTION('',(0.,-0.0979676916244967,-0.995189595704139));
#2348=DIRECTION('',(0.,0.995189595704139,-0.0979676916244967));
#2349=DIRECTION('',(0.,-0.0979676916244967,-0.995189595704139));
#2350=DIRECTION('',(4.66601818597842E-17,0.995189595704139,-0.0979676916244967));
#2351=DIRECTION('',(-1.,0.,0.));
#2352=DIRECTION('',(0.,-0.0979676916244967,-0.995189595704139));
#2353=DIRECTION('',(-4.66601818597842E-17,-0.995189595704139,0.0979676916244967));
#2354=DIRECTION('',(-6.09357751078606E-17,-0.995189595704139,0.0979676916244967));
#2355=DIRECTION('',(-1.,0.,0.));
#2356=DIRECTION('',(-6.09357751078606E-17,-0.995189595704139,0.0979676916244967));
#2357=DIRECTION('',(-1.,0.,0.));
#2358=DIRECTION('',(0.,0.,1.));
#2359=DIRECTION('',(1.,-6.12303176911189E-17,0.));
#2360=DIRECTION('',(6.12303176911189E-17,1.,0.));
#2361=DIRECTION('',(1.,-6.12303176911189E-17,0.));
#2362=DIRECTION('',(6.12303176911189E-17,1.,0.));
#2363=DIRECTION('',(-1.,6.12303176911189E-17,0.));
#2364=DIRECTION('',(-6.12303176911189E-17,-1.,0.));
#2365=DIRECTION('',(1.80756219727709E-17,0.295207058437208,-0.955433300994293));
#2366=DIRECTION('',(-1.,6.12303176911189E-17,0.));
#2367=DIRECTION('',(-6.12303176911189E-17,-1.,0.));
#2368=DIRECTION('',(1.80756219727709E-17,0.295207058437208,-0.955433300994293));
#2369=DIRECTION('',(-5.99859288163351E-18,-0.0979676916244968,-0.995189595704139));
#2370=DIRECTION('',(0.,0.995189595704139,-0.0979676916244968));
#2371=DIRECTION('',(0.,0.0979676916244967,0.995189595704139));
#2372=DIRECTION('',(0.,-0.995189595704139,0.0979676916244967));
#2373=DIRECTION('',(5.99859288163351E-18,0.0979676916244968,0.995189595704139));
#2374=DIRECTION('',(0.,-0.995189595704139,0.0979676916244968));
#2375=DIRECTION('',(-5.99859288163351E-18,-0.0979676916244968,-0.995189595704139));
#2376=DIRECTION('',(0.,0.995189595704139,-0.0979676916244968));
#2377=DIRECTION('',(-5.99859288163351E-18,-0.0979676916244968,-0.995189595704139));
#2378=DIRECTION('',(0.,0.995189595704139,-0.0979676916244968));
#2379=DIRECTION('',(-5.99859288163351E-18,-0.0979676916244968,-0.995189595704139));
#2380=DIRECTION('',(0.,0.995189595704139,-0.0979676916244968));
#2381=DIRECTION('',(-5.99859288163351E-18,-0.0979676916244968,-0.995189595704139));
#2382=DIRECTION('',(0.,0.995189595704139,-0.0979676916244968));
#2383=DIRECTION('',(0.,-0.0979676916244967,-0.995189595704139));
#2384=DIRECTION('',(0.,0.995189595704139,-0.0979676916244967));
#2385=DIRECTION('',(1.54074395550979E-33,-0.0979676916244967,-0.995189595704139));
#2386=DIRECTION('',(0.,0.995189595704139,-0.0979676916244967));
#2387=DIRECTION('',(0.,0.,-1.));
#2388=DIRECTION('',(-1.,0.,0.));
#2389=DIRECTION('',(0.,1.,0.));
#2390=DIRECTION('',(0.,1.,0.));
#2391=DIRECTION('',(0.,1.,0.));
#2392=DIRECTION('',(0.,0.,1.));
#2393=DIRECTION('',(-1.,0.,2.99854814980429E-16));
#2394=DIRECTION('',(2.99854814980429E-16,0.,1.));
#2395=DIRECTION('',(0.,1.,0.));
#2396=DIRECTION('',(0.,1.,0.));
#2397=DIRECTION('',(-1.,0.,2.99854814980429E-16));
#2398=DIRECTION('',(2.99854814980429E-16,0.,1.));
#2399=DIRECTION('',(0.,1.,0.));
#2400=DIRECTION('',(0.,0.,1.));
#2401=DIRECTION('',(0.,0.,-1.));
#2402=DIRECTION('',(-1.,0.,0.));
#2403=DIRECTION('',(0.,1.,0.));
#2404=DIRECTION('',(0.,1.,0.));
#2405=DIRECTION('',(0.,1.,0.));
#2406=DIRECTION('',(0.,0.,1.));
#2407=DIRECTION('',(1.,0.,-9.790929207945E-17));
#2408=DIRECTION('',(-9.790929207945E-17,0.,-1.));
#2409=DIRECTION('',(0.,1.,0.));
#2410=DIRECTION('',(1.,0.,-9.790929207945E-17));
#2411=DIRECTION('',(-9.790929207945E-17,0.,-1.));
#2412=DIRECTION('',(0.,1.,0.));
#2413=DIRECTION('',(0.,1.,0.));
#2414=DIRECTION('',(0.,0.,1.));
#2415=DIRECTION('',(0.,1.,0.));
#2416=DIRECTION('',(0.,0.,1.));
#2417=DIRECTION('',(0.,1.,0.));
#2418=DIRECTION('',(-1.,0.,-2.99854814980429E-16));
#2419=DIRECTION('',(-2.99854814980429E-16,0.,1.));
#2420=DIRECTION('',(0.,1.,0.));
#2421=DIRECTION('',(-1.,0.,-2.99854814980429E-16));
#2422=DIRECTION('',(-2.99854814980429E-16,0.,1.));
#2423=DIRECTION('',(0.,1.,0.));
#2424=DIRECTION('',(0.,1.,0.));
#2425=DIRECTION('',(0.,0.,1.));
#2426=DIRECTION('',(0.,1.,0.));
#2427=DIRECTION('',(0.,0.,1.));
#2428=DIRECTION('',(1.,0.,0.));
#2429=DIRECTION('',(0.,-1.,0.));
#2430=DIRECTION('',(0.,0.,-1.));
#2431=DIRECTION('',(-1.,0.,-7.38219966613703E-16));
#2432=DIRECTION('',(9.05020300842246E-16,0.,-1.));
#2433=DIRECTION('',(1.,0.,1.82218852518572E-16));
#2434=DIRECTION('',(-1.62782174916592E-15,0.,1.));
#2435=DIRECTION('',(-1.,0.,-1.62782174916592E-15));
#2436=DIRECTION('',(-1.62782174916592E-15,0.,1.));
#2437=DIRECTION('',(0.,1.,0.));
#2438=DIRECTION('',(-1.62782174916592E-15,0.,1.));
#2439=DIRECTION('',(0.,1.,0.));
#2440=DIRECTION('',(7.38219966613703E-16,0.,-1.));
#2441=DIRECTION('',(-1.,0.,-7.38219966613703E-16));
#2442=DIRECTION('',(-1.,0.,-7.38219966613703E-16));
#2443=DIRECTION('',(0.,1.,0.));
#2444=DIRECTION('',(7.38219966613703E-16,0.,-1.));
#2445=DIRECTION('',(-1.,0.,-7.38219966613703E-16));
#2446=DIRECTION('',(7.38219966613703E-16,0.,-1.));
#2447=DIRECTION('',(-1.,0.,-7.38219966613703E-16));
#2448=DIRECTION('',(1.,0.,9.05020300842246E-16));
#2449=DIRECTION('',(9.05020300842246E-16,0.,-1.));
#2450=DIRECTION('',(0.,1.,0.));
#2451=DIRECTION('',(9.05020300842246E-16,0.,-1.));
#2452=DIRECTION('',(-1.82218852518572E-16,0.,1.));
#2453=DIRECTION('',(1.,0.,1.82218852518572E-16));
#2454=DIRECTION('',(-1.82218852518572E-16,0.,1.));
#2455=DIRECTION('',(1.,0.,1.82218852518572E-16));
#2456=DIRECTION('',(-1.82218852518572E-16,0.,1.));
#2457=DIRECTION('',(1.,0.,1.82218852518572E-16));
#2458=DIRECTION('',(0.,-1.,0.));
#2459=DIRECTION('',(0.,0.,-1.));
#2460=DIRECTION('',(1.,0.,1.82218852518572E-16));
#2461=DIRECTION('',(5.405825958051E-16,0.,1.));
#2462=DIRECTION('',(-1.,0.,-7.38219966613703E-16));
#2463=DIRECTION('',(-1.26338404412878E-15,0.,-1.));
#2464=DIRECTION('',(7.38219966613703E-16,0.,-1.));
#2465=DIRECTION('',(-1.,0.,-7.38219966613703E-16));
#2466=DIRECTION('',(-1.,0.,-7.38219966613703E-16));
#2467=DIRECTION('',(0.,1.,0.));
#2468=DIRECTION('',(7.38219966613703E-16,0.,-1.));
#2469=DIRECTION('',(-1.,0.,-7.38219966613703E-16));
#2470=DIRECTION('',(7.38219966613703E-16,0.,-1.));
#2471=DIRECTION('',(-1.,0.,-7.38219966613703E-16));
#2472=DIRECTION('',(0.,1.,0.));
#2473=DIRECTION('',(1.,0.,-1.26338404412878E-15));
#2474=DIRECTION('',(-1.26338404412878E-15,0.,-1.));
#2475=DIRECTION('',(0.,1.,0.));
#2476=DIRECTION('',(-1.26338404412878E-15,0.,-1.));
#2477=DIRECTION('',(-1.82218852518572E-16,0.,1.));
#2478=DIRECTION('',(1.,0.,1.82218852518572E-16));
#2479=DIRECTION('',(0.,1.,0.));
#2480=DIRECTION('',(-1.82218852518572E-16,0.,1.));
#2481=DIRECTION('',(1.,0.,1.82218852518572E-16));
#2482=DIRECTION('',(-1.82218852518572E-16,0.,1.));
#2483=DIRECTION('',(1.,0.,1.82218852518572E-16));
#2484=DIRECTION('',(-1.,0.,5.405825958051E-16));
#2485=DIRECTION('',(5.405825958051E-16,0.,1.));
#2486=DIRECTION('',(5.405825958051E-16,0.,1.));
#2487=DIRECTION('',(1.,0.,-1.79181871643263E-16));
#2488=DIRECTION('',(-1.79181871643263E-16,0.,-1.));
#2489=DIRECTION('',(0.,1.,0.));
#2490=DIRECTION('',(-1.79181871643263E-16,0.,-1.));
#2491=DIRECTION('',(0.,1.,0.));
#2492=DIRECTION('',(9.5781704528993E-17,0.,1.));
#2493=DIRECTION('',(1.,0.,-9.5781704528993E-17));
#2494=DIRECTION('',(1.,0.,-9.5781704528993E-17));
#2495=DIRECTION('',(0.,1.,0.));
#2496=DIRECTION('',(9.5781704528993E-17,0.,1.));
#2497=DIRECTION('',(1.,0.,-9.5781704528993E-17));
#2498=DIRECTION('',(1.,0.,-9.5781704528993E-17));
#2499=DIRECTION('',(9.5781704528993E-17,0.,1.));
#2500=DIRECTION('',(1.,0.,-9.5781704528993E-17));
#2501=DIRECTION('',(-1.,0.,1.79181871643263E-16));
#2502=DIRECTION('',(1.79181871643263E-16,0.,1.));
#2503=DIRECTION('',(0.,1.,0.));
#2504=DIRECTION('',(1.79181871643263E-16,0.,1.));
#2505=DIRECTION('',(-9.5781704528993E-17,0.,-1.));
#2506=DIRECTION('',(-1.,0.,9.5781704528993E-17));
#2507=DIRECTION('',(-1.,0.,9.5781704528993E-17));
#2508=DIRECTION('',(-9.5781704528993E-17,0.,-1.));
#2509=DIRECTION('',(-1.,0.,9.5781704528993E-17));
#2510=DIRECTION('',(-9.5781704528993E-17,0.,-1.));
#2511=DIRECTION('',(-1.,0.,9.5781704528993E-17));
#2512=DIRECTION('',(0.,-1.,0.));
#2513=DIRECTION('',(0.,0.,-1.));
#2514=DIRECTION('',(1.79181871643263E-16,0.,1.));
#2515=DIRECTION('',(-1.79181871643263E-16,0.,-1.));
#2516=DIRECTION('',(1.79181871643263E-16,0.,1.));
#2517=DIRECTION('',(1.,0.,-1.79181871643263E-16));
#2518=DIRECTION('',(1.26338404412878E-15,0.,1.));
#2519=DIRECTION('',(1.,0.,-1.26338404412878E-15));
#2520=DIRECTION('',(-5.405825958051E-16,0.,-1.));
#2521=DIRECTION('',(-1.,0.,5.405825958051E-16));
#2522=DIRECTION('',(1.62782174916592E-15,0.,-1.));
#2523=DIRECTION('',(-1.,0.,-1.62782174916592E-15));
#2524=DIRECTION('',(-9.05020300842246E-16,0.,1.));
#2525=DIRECTION('',(1.,0.,9.05020300842246E-16));
#2526=DIRECTION('',(-1.79181871643263E-16,0.,-1.));
#2527=DIRECTION('',(-1.,0.,1.79181871643263E-16));
#2528=DIRECTION('',(-0.855941567276426,-0.51707256106699,0.));
#2529=DIRECTION('',(0.51707256106699,-0.855941567276426,0.));
#2530=DIRECTION('',(-0.855941567276426,0.51707256106699,0.));
#2531=DIRECTION('',(-0.51707256106699,-0.855941567276426,0.));
#2532=DIRECTION('',(0.855941567276426,-0.51707256106699,0.));
#2533=DIRECTION('',(0.51707256106699,0.855941567276426,0.));
#2534=DIRECTION('',(0.855941567276426,0.51707256106699,0.));
#2535=DIRECTION('',(-0.51707256106699,0.855941567276426,0.));
#2536=DIRECTION('',(1.80756219727709E-17,0.295207058437208,-0.955433300994293));
#2537=DIRECTION('',(0.,0.955433300994293,0.295207058437208));
#2538=DIRECTION('',(-1.80756219727709E-17,-0.295207058437208,0.955433300994293));
#2539=DIRECTION('',(0.,-0.955433300994293,-0.295207058437208));
#2540=DIRECTION('',(1.,0.,0.));
#2541=DIRECTION('',(0.,0.,-1.));
#2542=DIRECTION('',(-1.,0.,0.));
#2543=DIRECTION('',(0.,0.,1.));
#2544=DIRECTION('',(1.,0.,7.38219966613703E-16));
#2545=DIRECTION('',(7.38219966613703E-16,0.,-1.));
#2546=DIRECTION('',(-1.,0.,9.5781704528993E-17));
#2547=DIRECTION('',(9.5781704528993E-17,0.,1.));
#2548=DIRECTION('',(1.,0.,7.38219966613703E-16));
#2549=DIRECTION('',(7.38219966613703E-16,0.,-1.));
#2550=CARTESIAN_POINT('',(0.,0.,0.));
#2551=CARTESIAN_POINT('',(-0.780000000000001,-10.2333850962046,7.33529259182936));
#2552=CARTESIAN_POINT('',(-0.780000000000001,-12.5507146317562,9.25));
#2553=CARTESIAN_POINT('',(-0.780000000000001,-9.50071463175624,9.25));
#2554=CARTESIAN_POINT('',(-0.780000000000001,-9.35071463175624,9.25));
#2555=CARTESIAN_POINT('',(-0.780000000000001,-9.50071463175624,9.52));
#2556=CARTESIAN_POINT('',(-0.780000000000001,-9.50071463175624,7.33529259182936));
#2557=CARTESIAN_POINT('',(-0.780000000000001,-10.2333850962046,7.33529259182936));
#2558=CARTESIAN_POINT('',(-0.780000000000001,-9.20071463175624,7.33529259182936));
#2559=CARTESIAN_POINT('',(-0.780000000000001,-9.20071463175624,9.52));
#2560=CARTESIAN_POINT('',(-0.780000000000001,-9.20071463175624,9.4));
#2561=CARTESIAN_POINT('',(-0.780000000000001,-9.35071463175624,9.4));
#2562=CARTESIAN_POINT('',(-3.32,-10.2333850962046,3.79945425249803));
#2563=CARTESIAN_POINT('',(-3.32,-9.50071463175624,9.52));
#2564=CARTESIAN_POINT('',(-3.32,-9.50071463175624,1.93));
#2565=CARTESIAN_POINT('',(-3.32,-9.50071463175624,3.79945425249803));
#2566=CARTESIAN_POINT('',(-3.32,-12.5507146317562,1.93));
#2567=CARTESIAN_POINT('',(-3.32,-9.35071463175624,1.93));
#2568=CARTESIAN_POINT('',(-3.32,-9.35071463175624,1.78));
#2569=CARTESIAN_POINT('',(-3.32,-9.20071463175624,1.78));
#2570=CARTESIAN_POINT('',(-3.32,-9.20071463175624,9.52));
#2571=CARTESIAN_POINT('',(-3.32,-9.20071463175624,3.79945425249803));
#2572=CARTESIAN_POINT('',(-3.32,-10.2333850962046,3.79945425249803));
#2573=CARTESIAN_POINT('',(3.32,-10.2333850962046,3.79945425249803));
#2574=CARTESIAN_POINT('',(3.32,-12.5507146317562,1.93));
#2575=CARTESIAN_POINT('',(3.32,-9.50071463175624,1.93));
#2576=CARTESIAN_POINT('',(3.32,-9.35071463175624,1.93));
#2577=CARTESIAN_POINT('',(3.32,-9.50071463175624,9.52));
#2578=CARTESIAN_POINT('',(3.32,-9.50071463175624,3.79945425249803));
#2579=CARTESIAN_POINT('',(3.32,-10.2333850962046,3.79945425249803));
#2580=CARTESIAN_POINT('',(3.32,-9.20071463175624,3.79945425249803));
#2581=CARTESIAN_POINT('',(3.32,-9.20071463175624,9.52));
#2582=CARTESIAN_POINT('',(3.32,-9.20071463175624,1.78));
#2583=CARTESIAN_POINT('',(3.32,-9.35071463175624,1.78));
#2584=CARTESIAN_POINT('',(0.,-9.20071463175624,9.52));
#2585=CARTESIAN_POINT('',(0.779999999999999,-9.20071463175624,9.52));
#2586=CARTESIAN_POINT('',(0.779999999999999,-9.20071463175624,9.4));
#2587=CARTESIAN_POINT('',(0.779999999999999,-9.20071463175624,7.33529259182936));
#2588=CARTESIAN_POINT('',(-0.780000000000001,-9.20071463175624,9.4));
#2589=CARTESIAN_POINT('',(-0.0300000000000009,-9.20071463175624,7.33529259182936));
#2590=CARTESIAN_POINT('',(-0.030000000000001,-9.20071463175624,6.58529259182936));
#2591=CARTESIAN_POINT('',(0.,-9.20071463175624,6.58529259182936));
#2592=CARTESIAN_POINT('',(0.0299999999999989,-9.20071463175624,6.58529259182936));
#2593=CARTESIAN_POINT('',(0.029999999999999,-9.20071463175624,7.33529259182936));
#2594=CARTESIAN_POINT('',(1.76,-9.20071463175624,9.52));
#2595=CARTESIAN_POINT('',(1.76,-9.20071463175624,1.78));
#2596=CARTESIAN_POINT('',(1.76,-9.20071463175624,3.79945425249803));
#2597=CARTESIAN_POINT('',(3.32,-9.20071463175624,1.78));
#2598=CARTESIAN_POINT('',(2.57,-9.20071463175624,3.79945425249803));
#2599=CARTESIAN_POINT('',(2.57,-9.20071463175624,4.54945425249803));
#2600=CARTESIAN_POINT('',(0.,-9.20071463175624,4.54945425249803));
#2601=CARTESIAN_POINT('',(2.51,-9.20071463175624,4.54945425249803));
#2602=CARTESIAN_POINT('',(2.51,-9.20071463175624,3.79945425249803));
#2603=CARTESIAN_POINT('',(-1.76,-9.20071463175624,1.78));
#2604=CARTESIAN_POINT('',(-1.76,-9.20071463175624,1.78));
#2605=CARTESIAN_POINT('',(-1.76,-9.20071463175624,9.52));
#2606=CARTESIAN_POINT('',(-1.76,-9.20071463175624,3.79945425249803));
#2607=CARTESIAN_POINT('',(-2.51,-9.20071463175624,3.79945425249803));
#2608=CARTESIAN_POINT('',(-2.51,-9.20071463175624,4.54945425249803));
#2609=CARTESIAN_POINT('',(0.,-9.20071463175624,4.54945425249803));
#2610=CARTESIAN_POINT('',(-2.57,-9.20071463175624,4.54945425249803));
#2611=CARTESIAN_POINT('',(-2.57,-9.20071463175624,3.79945425249803));
#2612=CARTESIAN_POINT('',(0.,-9.20071463175624,0.));
#2613=CARTESIAN_POINT('',(-4.30918402951591,-9.20071463175624,0.));
#2614=CARTESIAN_POINT('',(4.30918402951591,-9.20071463175624,0.));
#2615=CARTESIAN_POINT('',(-4.30918402951591,-9.20071463175624,9.52));
#2616=CARTESIAN_POINT('',(-4.30918402951591,-9.20071463175624,9.52));
#2617=CARTESIAN_POINT('',(4.445,-9.20071463175624,9.52));
#2618=CARTESIAN_POINT('',(-4.445,-9.20071463175624,9.52));
#2619=CARTESIAN_POINT('',(-4.445,-9.20071463175624,9.52));
#2620=CARTESIAN_POINT('',(-4.445,-9.20071463175624,11.6755002419587));
#2621=CARTESIAN_POINT('',(4.445,-9.20071463175624,11.6755002419587));
#2622=CARTESIAN_POINT('',(4.445,-9.20071463175624,11.6755002419587));
#2623=CARTESIAN_POINT('',(4.445,-9.20071463175624,9.52));
#2624=CARTESIAN_POINT('',(4.445,-9.20071463175624,9.52));
#2625=CARTESIAN_POINT('',(4.445,-9.20071463175624,9.52));
#2626=CARTESIAN_POINT('',(4.30918402951591,-9.20071463175624,9.52));
#2627=CARTESIAN_POINT('',(4.30918402951591,-9.20071463175624,9.52));
#2628=CARTESIAN_POINT('',(-4.30918402951591,-9.50071463175624,9.52));
#2629=CARTESIAN_POINT('',(-4.30918402951591,-9.50071463175624,6.58529259182936));
#2630=CARTESIAN_POINT('',(-0.030000000000001,-9.50071463175624,6.58529259182936));
#2631=CARTESIAN_POINT('',(0.029999999999999,-9.50071463175624,6.58529259182936));
#2632=CARTESIAN_POINT('',(-0.0300000000000009,-9.50071463175624,7.33529259182936));
#2633=CARTESIAN_POINT('',(-0.780000000000001,-9.50071463175624,9.52));
#2634=CARTESIAN_POINT('',(-0.780000000000001,-9.50071463175624,9.55));
#2635=CARTESIAN_POINT('',(-4.30918402951591,-9.50071463175624,9.55));
#2636=CARTESIAN_POINT('',(0.779999999999999,-9.50071463175624,9.55));
#2637=CARTESIAN_POINT('',(0.779999999999999,-9.50071463175624,9.52));
#2638=CARTESIAN_POINT('',(0.779999999999999,-9.50071463175624,9.25));
#2639=CARTESIAN_POINT('',(0.779999999999999,-9.50071463175624,9.52));
#2640=CARTESIAN_POINT('',(0.779999999999999,-9.50071463175624,7.33529259182936));
#2641=CARTESIAN_POINT('',(0.029999999999999,-9.50071463175624,7.33529259182936));
#2642=CARTESIAN_POINT('',(-2.57,-9.50071463175624,3.79945425249803));
#2643=CARTESIAN_POINT('',(-2.57,-9.50071463175624,4.54945425249803));
#2644=CARTESIAN_POINT('',(-4.30918402951591,-9.50071463175624,4.54945425249803));
#2645=CARTESIAN_POINT('',(-2.51,-9.50071463175624,4.54945425249803));
#2646=CARTESIAN_POINT('',(-2.51,-9.50071463175624,3.79945425249803));
#2647=CARTESIAN_POINT('',(-1.76,-9.50071463175624,3.79945425249803));
#2648=CARTESIAN_POINT('',(-1.76,-9.50071463175624,9.52));
#2649=CARTESIAN_POINT('',(-1.76,-9.50071463175624,1.93));
#2650=CARTESIAN_POINT('',(-1.76,-9.50071463175624,9.52));
#2651=CARTESIAN_POINT('',(-1.76,-9.50071463175624,1.63));
#2652=CARTESIAN_POINT('',(-4.30918402951591,-9.50071463175624,1.63));
#2653=CARTESIAN_POINT('',(-3.32,-9.50071463175624,1.63));
#2654=CARTESIAN_POINT('',(-3.32,-9.50071463175624,9.52));
#2655=CARTESIAN_POINT('',(-4.30918402951591,-9.50071463175624,0.));
#2656=CARTESIAN_POINT('',(4.30918402951592,-9.50071463175624,0.));
#2657=CARTESIAN_POINT('',(-4.30918402951591,-9.50071463175624,0.));
#2658=CARTESIAN_POINT('',(4.30918402951592,-9.50071463175624,9.52));
#2659=CARTESIAN_POINT('',(4.30918402951591,-9.50071463175624,9.52));
#2660=CARTESIAN_POINT('',(4.445,-9.50071463175624,9.52));
#2661=CARTESIAN_POINT('',(4.445,-9.50071463175624,9.52));
#2662=CARTESIAN_POINT('',(4.445,-9.50071463175624,9.52));
#2663=CARTESIAN_POINT('',(4.445,-9.50071463175624,11.6755002419587));
#2664=CARTESIAN_POINT('',(4.445,-9.50071463175624,11.6755002419587));
#2665=CARTESIAN_POINT('',(-4.445,-9.50071463175624,11.6755002419587));
#2666=CARTESIAN_POINT('',(-4.445,-9.50071463175624,9.52));
#2667=CARTESIAN_POINT('',(-4.445,-9.50071463175624,9.52));
#2668=CARTESIAN_POINT('',(4.445,-9.50071463175624,9.52));
#2669=CARTESIAN_POINT('',(-4.30918402951591,-9.50071463175624,9.52));
#2670=CARTESIAN_POINT('',(-4.30918402951591,-9.50071463175624,9.52));
#2671=CARTESIAN_POINT('',(2.57,-9.50071463175624,3.79945425249803));
#2672=CARTESIAN_POINT('',(2.57,-9.50071463175624,4.54945425249803));
#2673=CARTESIAN_POINT('',(3.32,-9.50071463175624,9.52));
#2674=CARTESIAN_POINT('',(3.32,-9.50071463175624,1.63));
#2675=CARTESIAN_POINT('',(-4.30918402951591,-9.50071463175624,1.63));
#2676=CARTESIAN_POINT('',(1.76,-9.50071463175624,1.63));
#2677=CARTESIAN_POINT('',(1.76,-9.50071463175624,9.52));
#2678=CARTESIAN_POINT('',(1.76,-9.50071463175624,1.93));
#2679=CARTESIAN_POINT('',(1.76,-9.50071463175624,9.52));
#2680=CARTESIAN_POINT('',(1.76,-9.50071463175624,3.79945425249803));
#2681=CARTESIAN_POINT('',(2.51,-9.50071463175624,3.79945425249803));
#2682=CARTESIAN_POINT('',(2.51,-9.50071463175624,4.54945425249803));
#2683=CARTESIAN_POINT('',(-4.30918402951591,-9.50071463175624,4.54945425249803));
#2684=CARTESIAN_POINT('',(0.,0.,9.52));
#2685=CARTESIAN_POINT('',(-6.8699828552109,5.21037161776004,9.52));
#2686=CARTESIAN_POINT('',(-7.248346261104,5.83669950870807,9.52));
#2687=CARTESIAN_POINT('',(-6.8699828552109,5.21037161776004,9.52));
#2688=CARTESIAN_POINT('',(-7.50512873128692,5.68157774038798,9.52));
#2689=CARTESIAN_POINT('',(-7.50512873128692,5.68157774038798,9.52));
#2690=CARTESIAN_POINT('',(-7.12676532539382,5.05524984943994,9.52));
#2691=CARTESIAN_POINT('',(-7.12676532539382,5.05524984943994,9.52));
#2692=CARTESIAN_POINT('',(-7.86676259796713,4.60821900114315,9.52));
#2693=CARTESIAN_POINT('',(-7.1207863423112,4.17123848814233,9.52));
#2694=CARTESIAN_POINT('',(0.,0.,9.52));
#2695=CARTESIAN_POINT('',(-5.76163348394225,-5.90833379680949,9.52));
#2696=CARTESIAN_POINT('',(-6.21645533249781,-6.37473612990435,9.52));
#2697=CARTESIAN_POINT('',(-5.565,-6.37473612990435,9.52));
#2698=CARTESIAN_POINT('',(-5.565,-6.37473612990435,9.52));
#2699=CARTESIAN_POINT('',(-5.565,-8.24489866127215,9.52));
#2700=CARTESIAN_POINT('',(-4.30918402951591,-8.24489866127215,9.52));
#2701=CARTESIAN_POINT('',(-4.445,-9.49334881001032,9.52));
#2702=CARTESIAN_POINT('',(-4.445,-9.45640008387506,9.52));
#2703=CARTESIAN_POINT('',(-4.30918402951591,-8.24489866127215,9.52));
#2704=CARTESIAN_POINT('',(-5.265,-8.24489866127215,9.52));
#2705=CARTESIAN_POINT('',(-5.265,-8.24489866127215,9.52));
#2706=CARTESIAN_POINT('',(-5.265,-6.37473612990435,9.52));
#2707=CARTESIAN_POINT('',(-6.21645533249781,-6.37473612990435,9.52));
#2708=CARTESIAN_POINT('',(-5.55218465796749,-5.6935520720334,9.52));
#2709=CARTESIAN_POINT('',(0.,0.,9.52));
#2710=CARTESIAN_POINT('',(-6.86192913739338,4.01960423257278,9.52));
#2711=CARTESIAN_POINT('',(-7.86676259796713,4.60821900114315,9.52));
#2712=CARTESIAN_POINT('',(0.,0.,9.52));
#2713=CARTESIAN_POINT('',(7.12676532539382,5.05524984943994,9.52));
#2714=CARTESIAN_POINT('',(7.50512873128692,5.68157774038798,9.52));
#2715=CARTESIAN_POINT('',(7.12676532539382,5.05524984943994,9.52));
#2716=CARTESIAN_POINT('',(7.248346261104,5.83669950870807,9.52));
#2717=CARTESIAN_POINT('',(7.248346261104,5.83669950870807,9.52));
#2718=CARTESIAN_POINT('',(6.86998285521089,5.21037161776004,9.52));
#2719=CARTESIAN_POINT('',(6.86998285521089,5.21037161776004,9.52));
#2720=CARTESIAN_POINT('',(7.86676259796713,4.60821900114315,9.52));
#2721=CARTESIAN_POINT('',(6.86192913739338,4.01960423257279,9.52));
#2722=CARTESIAN_POINT('',(0.,0.,9.52));
#2723=CARTESIAN_POINT('',(5.55218465796749,-5.6935520720334,9.52));
#2724=CARTESIAN_POINT('',(6.21645533249781,-6.37473612990435,9.52));
#2725=CARTESIAN_POINT('',(5.265,-6.37473612990435,9.52));
#2726=CARTESIAN_POINT('',(5.265,-8.24489866127215,9.52));
#2727=CARTESIAN_POINT('',(5.265,-8.24489866127215,9.52));
#2728=CARTESIAN_POINT('',(4.30918402951591,-8.24489866127215,9.52));
#2729=CARTESIAN_POINT('',(4.445,-9.45640008387506,9.52));
#2730=CARTESIAN_POINT('',(4.445,-9.49334881001032,9.52));
#2731=CARTESIAN_POINT('',(4.30918402951591,-8.24489866127215,9.52));
#2732=CARTESIAN_POINT('',(5.565,-8.24489866127215,9.52));
#2733=CARTESIAN_POINT('',(5.565,-6.37473612990435,9.52));
#2734=CARTESIAN_POINT('',(5.565,-6.37473612990435,9.52));
#2735=CARTESIAN_POINT('',(6.21645533249781,-6.37473612990435,9.52));
#2736=CARTESIAN_POINT('',(5.76163348394225,-5.90833379680949,9.52));
#2737=CARTESIAN_POINT('',(0.,0.,9.52));
#2738=CARTESIAN_POINT('',(7.1207863423112,4.17123848814233,9.52));
#2739=CARTESIAN_POINT('',(7.86676259796713,4.60821900114315,9.52));
#2740=CARTESIAN_POINT('',(0.,0.,9.52));
#2741=CARTESIAN_POINT('',(0.,0.,0.));
#2742=CARTESIAN_POINT('',(-5.76163348394225,-5.90833379680949,0.));
#2743=CARTESIAN_POINT('',(-7.1207863423112,4.17123848814233,0.));
#2744=CARTESIAN_POINT('',(-5.76163348394225,-5.90833379680949,9.52));
#2745=CARTESIAN_POINT('',(-7.1207863423112,4.17123848814233,9.52));
#2746=CARTESIAN_POINT('',(-7.86676259796713,4.60821900114315,9.52));
#2747=CARTESIAN_POINT('',(-7.86676259796713,4.60821900114315,0.));
#2748=CARTESIAN_POINT('',(-7.12676532539382,5.05524984943994,0.));
#2749=CARTESIAN_POINT('',(-7.12676532539382,5.05524984943994,9.52));
#2750=CARTESIAN_POINT('',(-7.12676532539382,5.05524984943994,9.52));
#2751=CARTESIAN_POINT('',(-8.13576335357825,6.72550547437748,9.52));
#2752=CARTESIAN_POINT('',(-8.13576335357825,6.72550547437748,8.300375));
#2753=CARTESIAN_POINT('',(-8.13576335357825,6.72550547437748,1.219625));
#2754=CARTESIAN_POINT('',(-7.50512873128692,5.68157774038798,1.219625));
#2755=CARTESIAN_POINT('',(-7.50512873128692,5.68157774038798,0.));
#2756=CARTESIAN_POINT('',(-7.12676532539382,5.05524984943994,0.));
#2757=CARTESIAN_POINT('',(-7.50512873128692,5.68157774038798,8.300375));
#2758=CARTESIAN_POINT('',(-8.13576335357825,6.72550547437748,9.52));
#2759=CARTESIAN_POINT('',(-7.87898088339532,6.88062724269758,9.52));
#2760=CARTESIAN_POINT('',(-7.87898088339532,6.88062724269758,8.300375));
#2761=CARTESIAN_POINT('',(-7.87898088339532,6.88062724269758,1.219625));
#2762=CARTESIAN_POINT('',(-8.13576335357825,6.72550547437748,1.219625));
#2763=CARTESIAN_POINT('',(-7.87898088339532,6.88062724269758,8.300375));
#2764=CARTESIAN_POINT('',(-6.8699828552109,5.21037161776004,9.52));
#2765=CARTESIAN_POINT('',(-6.8699828552109,5.21037161776004,0.));
#2766=CARTESIAN_POINT('',(-7.248346261104,5.83669950870808,0.));
#2767=CARTESIAN_POINT('',(-6.8699828552109,5.21037161776004,0.));
#2768=CARTESIAN_POINT('',(-7.248346261104,5.83669950870808,1.219625));
#2769=CARTESIAN_POINT('',(-7.248346261104,5.83669950870807,8.300375));
#2770=CARTESIAN_POINT('',(-6.8699828552109,5.21037161776004,9.52));
#2771=CARTESIAN_POINT('',(-7.86676259796713,4.60821900114315,9.52));
#2772=CARTESIAN_POINT('',(-7.86676259796713,4.60821900114315,0.));
#2773=CARTESIAN_POINT('',(-6.86192913739338,4.01960423257278,0.));
#2774=CARTESIAN_POINT('',(-6.86192913739338,4.01960423257278,9.52));
#2775=CARTESIAN_POINT('',(0.,0.,9.52));
#2776=CARTESIAN_POINT('',(0.,0.,0.));
#2777=CARTESIAN_POINT('',(-5.55218465796749,-5.6935520720334,0.));
#2778=CARTESIAN_POINT('',(-5.55218465796749,-5.6935520720334,9.52));
#2779=CARTESIAN_POINT('',(-6.21645533249781,-6.37473612990435,9.52));
#2780=CARTESIAN_POINT('',(-6.21645533249781,-6.37473612990435,0.));
#2781=CARTESIAN_POINT('',(-5.265,-6.37473612990435,0.));
#2782=CARTESIAN_POINT('',(-5.265,-6.37473612990435,9.52));
#2783=CARTESIAN_POINT('',(-5.265,-8.24489866127215,9.52));
#2784=CARTESIAN_POINT('',(-5.265,-8.24489866127215,0.));
#2785=CARTESIAN_POINT('',(-5.265,-8.24489866127215,0.));
#2786=CARTESIAN_POINT('',(-5.265,-8.24489866127215,9.52));
#2787=CARTESIAN_POINT('',(-4.30918402951591,-8.24489866127215,9.52));
#2788=CARTESIAN_POINT('',(-4.30918402951591,-8.24489866127215,0.));
#2789=CARTESIAN_POINT('',(4.30918402951591,-8.24489866127215,9.52));
#2790=CARTESIAN_POINT('',(4.30918402951591,-8.24489866127215,0.));
#2791=CARTESIAN_POINT('',(5.265,-8.24489866127215,0.));
#2792=CARTESIAN_POINT('',(5.265,-8.24489866127215,9.52));
#2793=CARTESIAN_POINT('',(5.265,-8.24489866127215,9.52));
#2794=CARTESIAN_POINT('',(5.265,-8.24489866127215,0.));
#2795=CARTESIAN_POINT('',(5.265,-6.37473612990435,0.));
#2796=CARTESIAN_POINT('',(5.265,-6.37473612990435,9.52));
#2797=CARTESIAN_POINT('',(6.21645533249781,-6.37473612990435,9.52));
#2798=CARTESIAN_POINT('',(6.21645533249781,-6.37473612990435,0.));
#2799=CARTESIAN_POINT('',(5.55218465796749,-5.6935520720334,0.));
#2800=CARTESIAN_POINT('',(5.55218465796749,-5.6935520720334,9.52));
#2801=CARTESIAN_POINT('',(0.,0.,9.52));
#2802=CARTESIAN_POINT('',(0.,0.,0.));
#2803=CARTESIAN_POINT('',(6.86192913739338,4.01960423257279,0.));
#2804=CARTESIAN_POINT('',(6.86192913739338,4.01960423257279,9.52));
#2805=CARTESIAN_POINT('',(7.86676259796713,4.60821900114315,9.52));
#2806=CARTESIAN_POINT('',(7.86676259796713,4.60821900114315,0.));
#2807=CARTESIAN_POINT('',(6.86998285521089,5.21037161776004,0.));
#2808=CARTESIAN_POINT('',(6.86998285521089,5.21037161776004,9.52));
#2809=CARTESIAN_POINT('',(6.86998285521089,5.21037161776004,9.52));
#2810=CARTESIAN_POINT('',(7.87898088339532,6.88062724269758,9.52));
#2811=CARTESIAN_POINT('',(7.87898088339532,6.88062724269758,8.300375));
#2812=CARTESIAN_POINT('',(7.87898088339532,6.88062724269758,1.219625));
#2813=CARTESIAN_POINT('',(7.248346261104,5.83669950870808,1.219625));
#2814=CARTESIAN_POINT('',(7.248346261104,5.83669950870808,0.));
#2815=CARTESIAN_POINT('',(6.86998285521089,5.21037161776004,0.));
#2816=CARTESIAN_POINT('',(7.24834626110399,5.83669950870807,8.300375));
#2817=CARTESIAN_POINT('',(8.13576335357825,6.72550547437748,9.52));
#2818=CARTESIAN_POINT('',(8.13576335357825,6.72550547437748,9.52));
#2819=CARTESIAN_POINT('',(8.13576335357825,6.72550547437748,8.300375));
#2820=CARTESIAN_POINT('',(8.13576335357825,6.72550547437748,1.219625));
#2821=CARTESIAN_POINT('',(8.13576335357825,6.72550547437748,1.219625));
#2822=CARTESIAN_POINT('',(8.13576335357825,6.72550547437748,8.300375));
#2823=CARTESIAN_POINT('',(7.12676532539382,5.05524984943994,9.52));
#2824=CARTESIAN_POINT('',(7.12676532539382,5.05524984943994,0.));
#2825=CARTESIAN_POINT('',(7.50512873128692,5.68157774038798,0.));
#2826=CARTESIAN_POINT('',(7.12676532539382,5.05524984943994,0.));
#2827=CARTESIAN_POINT('',(7.50512873128692,5.68157774038798,1.219625));
#2828=CARTESIAN_POINT('',(7.50512873128692,5.68157774038798,8.300375));
#2829=CARTESIAN_POINT('',(7.12676532539382,5.05524984943994,9.52));
#2830=CARTESIAN_POINT('',(7.86676259796713,4.60821900114315,9.52));
#2831=CARTESIAN_POINT('',(7.86676259796713,4.60821900114315,0.));
#2832=CARTESIAN_POINT('',(7.1207863423112,4.17123848814233,0.));
#2833=CARTESIAN_POINT('',(7.1207863423112,4.17123848814233,9.52));
#2834=CARTESIAN_POINT('',(0.,0.,9.52));
#2835=CARTESIAN_POINT('',(0.,0.,0.));
#2836=CARTESIAN_POINT('',(5.76163348394225,-5.90833379680949,0.));
#2837=CARTESIAN_POINT('',(5.76163348394225,-5.90833379680949,9.52));
#2838=CARTESIAN_POINT('',(6.21645533249781,-6.37473612990435,9.52));
#2839=CARTESIAN_POINT('',(6.21645533249781,-6.37473612990435,0.));
#2840=CARTESIAN_POINT('',(5.565,-6.37473612990435,0.));
#2841=CARTESIAN_POINT('',(5.565,-6.37473612990435,9.52));
#2842=CARTESIAN_POINT('',(5.565,-6.37473612990435,9.52));
#2843=CARTESIAN_POINT('',(5.565,-6.37473612990435,0.));
#2844=CARTESIAN_POINT('',(5.565,-8.24489866127215,0.));
#2845=CARTESIAN_POINT('',(5.565,-8.24489866127215,9.52));
#2846=CARTESIAN_POINT('',(4.30918402951591,-8.24489866127215,9.52));
#2847=CARTESIAN_POINT('',(4.30918402951591,-8.24489866127215,0.));
#2848=CARTESIAN_POINT('',(4.30918402951591,-8.24489866127215,9.52));
#2849=CARTESIAN_POINT('',(-4.30918402951591,-8.24489866127215,9.52));
#2850=CARTESIAN_POINT('',(-4.30918402951591,-8.24489866127215,0.));
#2851=CARTESIAN_POINT('',(-5.565,-8.24489866127215,0.));
#2852=CARTESIAN_POINT('',(-4.30918402951591,-8.24489866127215,9.52));
#2853=CARTESIAN_POINT('',(-5.565,-8.24489866127215,9.52));
#2854=CARTESIAN_POINT('',(-5.565,-6.37473612990435,9.52));
#2855=CARTESIAN_POINT('',(-5.565,-6.37473612990435,0.));
#2856=CARTESIAN_POINT('',(-5.565,-6.37473612990435,0.));
#2857=CARTESIAN_POINT('',(-5.565,-6.37473612990435,9.52));
#2858=CARTESIAN_POINT('',(-6.21645533249781,-6.37473612990435,9.52));
#2859=CARTESIAN_POINT('',(-6.21645533249781,-6.37473612990435,0.));
#2860=CARTESIAN_POINT('',(0.,0.,0.));
#2861=CARTESIAN_POINT('',(-4.52117631376839,7.48417733084584,0.));
#2862=CARTESIAN_POINT('',(4.52117631376839,7.48417733084584,0.));
#2863=CARTESIAN_POINT('',(4.445,-9.45640008387506,9.52));
#2864=CARTESIAN_POINT('',(-4.445,-9.45640008387506,9.52));
#2865=CARTESIAN_POINT('',(4.445,-9.45640008387506,9.52));
#2866=CARTESIAN_POINT('',(4.445,-9.45640008387506,9.52));
#2867=CARTESIAN_POINT('',(4.445,-8.13625977237991,11.6755002419587));
#2868=CARTESIAN_POINT('',(-4.445,-8.13625977237991,11.6755002419587));
#2869=CARTESIAN_POINT('',(-4.445,-8.00258727948099,13.033391521818));
#2870=CARTESIAN_POINT('',(4.445,-8.13625977237991,11.6755002419587));
#2871=CARTESIAN_POINT('',(4.445,-8.00258727948099,13.033391521818));
#2872=CARTESIAN_POINT('',(4.445,-8.00258727948099,13.033391521818));
#2873=CARTESIAN_POINT('',(4.445,-8.00258727948099,13.033391521818));
#2874=CARTESIAN_POINT('',(2.79594580149266,-4.89057290194575,12.72704098702));
#2875=CARTESIAN_POINT('',(2.79594580149266,-5.6717967345735,12.8039456249452));
#2876=CARTESIAN_POINT('',(1.00697793815248E-16,1.2777222362671,12.1198264034293));
#2877=CARTESIAN_POINT('',(1.00697793815248E-16,-1.08585305353023,12.3524996710374));
#2878=CARTESIAN_POINT('',(1.76125000000002,4.46781202158597,11.8057900291629));
#2879=CARTESIAN_POINT('',(4.445,4.46781202158597,11.8057900291629));
#2880=CARTESIAN_POINT('',(4.44383318256638,4.55323102459097,11.7973812771206));
#2881=CARTESIAN_POINT('',(-4.42810841257637,4.55323102459097,11.7973812771206));
#2882=CARTESIAN_POINT('',(-4.44383318256638,4.55323102459097,11.7973812771206));
#2883=CARTESIAN_POINT('',(-1.76125000000002,4.46781202158597,11.8057900291629));
#2884=CARTESIAN_POINT('',(-4.445,4.46781202158597,11.8057900291629));
#2885=CARTESIAN_POINT('',(-4.445,-8.00258727948099,13.033391521818));
#2886=CARTESIAN_POINT('',(4.445,-8.00258727948099,13.033391521818));
#2887=CARTESIAN_POINT('',(4.445,4.79233917721799,11.7738431755744));
#2888=CARTESIAN_POINT('',(-1.76125000000002,4.50510428786699,11.6850941580578));
#2889=CARTESIAN_POINT('',(-1.76125000000002,7.0692484094104,12.4773561011387));
#2890=CARTESIAN_POINT('',(-4.38992732158043,5.02189532666452,11.8447707804148));
#2891=CARTESIAN_POINT('',(4.42810841257637,5.02189532666452,11.8447707804148));
#2892=CARTESIAN_POINT('',(4.38992732158043,5.02189532666452,11.8447707804148));
#2893=CARTESIAN_POINT('',(1.76125000000002,4.50510428786699,11.6850941580578));
#2894=CARTESIAN_POINT('',(1.76125000000002,7.0692484094104,12.4773561011387));
#2895=CARTESIAN_POINT('',(4.445,7.0692484094104,12.4773561011387));
#2896=CARTESIAN_POINT('',(4.445,7.0692484094104,12.4773561011387));
#2897=CARTESIAN_POINT('',(1.76125000000002,7.15781052694157,12.1907261108404));
#2898=CARTESIAN_POINT('',(1.76125000000002,7.15781052694157,12.1907261108404));
#2899=CARTESIAN_POINT('',(4.445,7.15781052694157,12.1907261108404));
#2900=CARTESIAN_POINT('',(-1.76125000000002,7.15781052694157,12.1907261108404));
#2901=CARTESIAN_POINT('',(-1.76125000000002,7.0692484094104,12.4773561011387));
#2902=CARTESIAN_POINT('',(4.445,4.82312709606295,11.4693622780176));
#2903=CARTESIAN_POINT('',(1.76125000000002,4.59366640539815,11.3984641677595));
#2904=CARTESIAN_POINT('',(4.40164827858053,5.05268324550948,11.540289882858));
#2905=CARTESIAN_POINT('',(4.445,5.05268324550948,11.540289882858));
#2906=CARTESIAN_POINT('',(-4.40164827858053,5.05268324550948,11.540289882858));
#2907=CARTESIAN_POINT('',(-1.76125000000002,4.59366640539815,11.3984641677595));
#2908=CARTESIAN_POINT('',(4.445,-8.03197758696833,12.7348346431068));
#2909=CARTESIAN_POINT('',(2.79594580149266,-4.9199632094331,12.4284841083088));
#2910=CARTESIAN_POINT('',(2.79594580149266,-4.13873937680535,12.3515794703835));
#2911=CARTESIAN_POINT('',(8.30821024345484E-17,1.24833192877975,11.821269524718));
#2912=CARTESIAN_POINT('',(8.30821024345484E-17,3.94408588506483,11.5558961793526));
#2913=CARTESIAN_POINT('',(-1.76125000000002,4.56387507609051,11.494883366718));
#2914=CARTESIAN_POINT('',(-4.445,4.56387507609052,11.494883366718));
#2915=CARTESIAN_POINT('',(-4.44493512304644,4.58401894343593,11.4929003795639));
#2916=CARTESIAN_POINT('',(4.445,4.58401894343592,11.4929003795639));
#2917=CARTESIAN_POINT('',(4.44493512304644,4.58401894343592,11.4929003795639));
#2918=CARTESIAN_POINT('',(1.76125000000002,4.56387507609051,11.494883366718));
#2919=CARTESIAN_POINT('',(4.445,4.56387507609051,11.494883366718));
#2920=CARTESIAN_POINT('',(4.445,-8.03197758696833,12.7348346431068));
#2921=CARTESIAN_POINT('',(4.445,-8.03197758696833,12.7348346431068));
#2922=CARTESIAN_POINT('',(4.445,-8.03197758696833,12.7348346431068));
#2923=CARTESIAN_POINT('',(-4.445,-8.03197758696833,12.7348346431068));
#2924=CARTESIAN_POINT('',(-4.445,-8.03197758696833,12.7348346431068));
#2925=CARTESIAN_POINT('',(4.445,-8.13625977237991,11.6755002419587));
#2926=CARTESIAN_POINT('',(-4.445,-8.13625977237991,11.6755002419587));
#2927=CARTESIAN_POINT('',(4.445,-8.13625977237991,11.6755002419587));
#2928=CARTESIAN_POINT('',(4.445,-8.13625977237991,11.6755002419587));
#2929=CARTESIAN_POINT('',(4.445,4.50510428786699,11.6850941580578));
#2930=CARTESIAN_POINT('',(-4.445,-8.13625977237991,11.6755002419587));
#2931=CARTESIAN_POINT('',(-4.445,3.40615068322053,15.2418413296377));
#2932=CARTESIAN_POINT('',(8.30821024345484E-17,1.35687851324997,12.9239231620828));
#2933=CARTESIAN_POINT('',(8.30821024345484E-17,1.22193153976906,11.5530852689668));
#2934=CARTESIAN_POINT('',(8.30821024345484E-17,-1.00159866125457,11.7719723252543));
#2935=CARTESIAN_POINT('',(6.69579838301701E-17,1.09354297601304,10.2488699635055));
#2936=CARTESIAN_POINT('',(6.87583534043072E-17,1.12294621352716,10.5475581898876));
#2937=CARTESIAN_POINT('',(6.8929058810567E-17,1.12573413644994,10.575878872353));
#2938=CARTESIAN_POINT('',(6.8929058810567E-17,1.42429101516118,10.5464885648657));
#2939=CARTESIAN_POINT('',(6.87583534043072E-17,1.12294621352716,10.5475581898876));
#2940=CARTESIAN_POINT('',(8.30821024345484E-17,1.35687851324997,12.9239231620828));
#2941=CARTESIAN_POINT('',(7.71772545667174E-17,1.26044184444778,11.9442862241813));
#2942=CARTESIAN_POINT('',(7.71772545667174E-17,3.35198202349842,11.7383924285006));
#2943=CARTESIAN_POINT('',(7.64357605831512E-17,1.24833192877975,11.821269524718));
#2944=CARTESIAN_POINT('',(8.30821024345484E-17,1.19420477915721,11.2714272730915));
#2945=CARTESIAN_POINT('',(2.79594580149266,-4.76411676890823,14.0116259948436));
#2946=CARTESIAN_POINT('',(-2.51,-10.2333850962046,4.54945425249803));
#2947=CARTESIAN_POINT('',(-2.51,-10.2333850962046,4.54945425249803));
#2948=CARTESIAN_POINT('',(-2.57,-10.2333850962046,4.54945425249803));
#2949=CARTESIAN_POINT('',(-2.57,-10.2333850962046,3.79945425249803));
#2950=CARTESIAN_POINT('',(-1.76,-10.2333850962046,1.63));
#2951=CARTESIAN_POINT('',(-1.76,-12.5507146317562,1.93));
#2952=CARTESIAN_POINT('',(-1.76,-9.35071463175624,1.93));
#2953=CARTESIAN_POINT('',(-1.76,-10.2333850962046,3.79945425249803));
#2954=CARTESIAN_POINT('',(-1.76,-9.35071463175624,1.78));
#2955=CARTESIAN_POINT('',(-2.51,-10.2333850962046,3.79945425249803));
#2956=CARTESIAN_POINT('',(0.0299999999999989,-10.2333850962046,6.58529259182936));
#2957=CARTESIAN_POINT('',(-0.030000000000001,-10.2333850962046,6.58529259182936));
#2958=CARTESIAN_POINT('',(0.0299999999999989,-10.2333850962046,6.58529259182936));
#2959=CARTESIAN_POINT('',(-0.0300000000000009,-10.2333850962046,7.33529259182936));
#2960=CARTESIAN_POINT('',(0.779999999999999,-10.2333850962046,9.55));
#2961=CARTESIAN_POINT('',(0.779999999999999,-12.5507146317562,9.25));
#2962=CARTESIAN_POINT('',(0.779999999999999,-9.35071463175624,9.25));
#2963=CARTESIAN_POINT('',(0.779999999999999,-9.35071463175624,9.4));
#2964=CARTESIAN_POINT('',(0.779999999999999,-10.2333850962046,7.33529259182936));
#2965=CARTESIAN_POINT('',(0.029999999999999,-10.2333850962046,7.33529259182936));
#2966=CARTESIAN_POINT('',(2.57,-10.2333850962046,3.79945425249803));
#2967=CARTESIAN_POINT('',(2.57,-10.2333850962046,4.54945425249803));
#2968=CARTESIAN_POINT('',(1.76,-10.2333850962046,1.63));
#2969=CARTESIAN_POINT('',(1.76,-12.5507146317562,1.93));
#2970=CARTESIAN_POINT('',(1.76,-9.35071463175624,1.93));
#2971=CARTESIAN_POINT('',(1.76,-9.35071463175624,1.78));
#2972=CARTESIAN_POINT('',(1.76,-10.2333850962046,3.79945425249803));
#2973=CARTESIAN_POINT('',(2.51,-10.2333850962046,3.79945425249803));
#2974=CARTESIAN_POINT('',(2.51,-10.2333850962046,4.54945425249803));
#2975=CARTESIAN_POINT('',(2.51,-10.2333850962046,4.54945425249803));
#2976=CARTESIAN_POINT('',(0.,-12.5507146317562,0.));
#2977=CARTESIAN_POINT('',(3.32,-12.5507146317562,1.93));
#2978=CARTESIAN_POINT('',(2.57,-12.5507146317562,1.93));
#2979=CARTESIAN_POINT('',(2.51,-12.5507146317562,1.93));
#2980=CARTESIAN_POINT('',(2.51,-12.5507146317562,1.63));
#2981=CARTESIAN_POINT('',(2.51,-12.5507146317562,1.63));
#2982=CARTESIAN_POINT('',(1.76,-12.5507146317562,1.63));
#2983=CARTESIAN_POINT('',(2.57,-12.5507146317562,1.63));
#2984=CARTESIAN_POINT('',(2.57,-12.5507146317562,1.93));
#2985=CARTESIAN_POINT('',(3.32,-12.5507146317562,1.63));
#2986=CARTESIAN_POINT('',(3.32,-12.5507146317562,1.93));
#2987=CARTESIAN_POINT('',(3.32,-11.8007146317562,1.93));
#2988=CARTESIAN_POINT('',(3.32,-11.8007146317562,1.63));
#2989=CARTESIAN_POINT('',(3.32,-11.8007146317562,1.63));
#2990=CARTESIAN_POINT('',(3.32,-12.5507146317562,1.63));
#2991=CARTESIAN_POINT('',(3.32,-12.5507146317562,1.93));
#2992=CARTESIAN_POINT('',(1.76,-9.35071463175624,1.93));
#2993=CARTESIAN_POINT('',(1.76,-12.5507146317562,1.93));
#2994=CARTESIAN_POINT('',(1.76,-11.8007146317562,1.93));
#2995=CARTESIAN_POINT('',(2.51,-11.8007146317562,1.93));
#2996=CARTESIAN_POINT('',(2.57,-11.8007146317562,1.93));
#2997=CARTESIAN_POINT('',(1.76,-12.5507146317562,1.93));
#2998=CARTESIAN_POINT('',(1.76,-12.5507146317562,1.63));
#2999=CARTESIAN_POINT('',(1.76,-11.8007146317562,1.63));
#3000=CARTESIAN_POINT('',(1.76,-11.8007146317562,1.93));
#3001=CARTESIAN_POINT('',(1.76,-12.5507146317562,1.63));
#3002=CARTESIAN_POINT('',(2.51,-11.8007146317562,1.63));
#3003=CARTESIAN_POINT('',(2.57,-11.8007146317562,1.63));
#3004=CARTESIAN_POINT('',(0.,-12.5507146317562,0.));
#3005=CARTESIAN_POINT('',(-3.32,-12.5507146317562,1.63));
#3006=CARTESIAN_POINT('',(-2.57,-12.5507146317562,1.63));
#3007=CARTESIAN_POINT('',(-2.51,-12.5507146317562,1.63));
#3008=CARTESIAN_POINT('',(-2.51,-12.5507146317562,1.93));
#3009=CARTESIAN_POINT('',(-2.51,-12.5507146317562,1.93));
#3010=CARTESIAN_POINT('',(-1.76,-12.5507146317562,1.93));
#3011=CARTESIAN_POINT('',(-2.57,-12.5507146317562,1.93));
#3012=CARTESIAN_POINT('',(-2.57,-12.5507146317562,1.63));
#3013=CARTESIAN_POINT('',(-1.76,-12.5507146317562,1.93));
#3014=CARTESIAN_POINT('',(-3.32,-9.35071463175624,1.93));
#3015=CARTESIAN_POINT('',(-3.32,-12.5507146317562,1.93));
#3016=CARTESIAN_POINT('',(-3.32,-11.8007146317562,1.93));
#3017=CARTESIAN_POINT('',(-2.57,-11.8007146317562,1.93));
#3018=CARTESIAN_POINT('',(-2.51,-11.8007146317562,1.93));
#3019=CARTESIAN_POINT('',(-1.76,-11.8007146317562,1.93));
#3020=CARTESIAN_POINT('',(-1.76,-12.5507146317562,1.93));
#3021=CARTESIAN_POINT('',(-3.32,-12.5507146317562,1.93));
#3022=CARTESIAN_POINT('',(-3.32,-12.5507146317562,1.63));
#3023=CARTESIAN_POINT('',(-3.32,-11.8007146317562,1.63));
#3024=CARTESIAN_POINT('',(-3.32,-11.8007146317562,1.93));
#3025=CARTESIAN_POINT('',(-3.32,-12.5507146317562,1.63));
#3026=CARTESIAN_POINT('',(-1.76,-12.5507146317562,1.63));
#3027=CARTESIAN_POINT('',(-1.76,-11.8007146317562,1.63));
#3028=CARTESIAN_POINT('',(-2.51,-11.8007146317562,1.63));
#3029=CARTESIAN_POINT('',(-2.57,-11.8007146317562,1.63));
#3030=CARTESIAN_POINT('',(-1.76,-12.5507146317562,1.63));
#3031=CARTESIAN_POINT('',(-1.76,-11.8007146317562,1.63));
#3032=CARTESIAN_POINT('',(-0.780000000000001,-12.5507146317562,9.55));
#3033=CARTESIAN_POINT('',(-0.780000000000001,-12.5507146317562,9.25));
#3034=CARTESIAN_POINT('',(-0.780000000000001,-11.8007146317562,9.25));
#3035=CARTESIAN_POINT('',(-0.780000000000001,-11.8007146317562,9.55));
#3036=CARTESIAN_POINT('',(-0.780000000000001,-11.8007146317562,9.55));
#3037=CARTESIAN_POINT('',(-0.780000000000001,-12.5507146317562,9.55));
#3038=CARTESIAN_POINT('',(-0.780000000000001,-12.5507146317562,9.25));
#3039=CARTESIAN_POINT('',(0.779999999999999,-9.35071463175624,9.25));
#3040=CARTESIAN_POINT('',(0.779999999999999,-12.5507146317562,9.25));
#3041=CARTESIAN_POINT('',(0.779999999999999,-11.8007146317562,9.25));
#3042=CARTESIAN_POINT('',(0.0299999999999992,-11.8007146317562,9.25));
#3043=CARTESIAN_POINT('',(0.0299999999999992,-12.5507146317562,9.25));
#3044=CARTESIAN_POINT('',(-0.780000000000001,-12.5507146317562,9.25));
#3045=CARTESIAN_POINT('',(-0.0300000000000012,-12.5507146317562,9.25));
#3046=CARTESIAN_POINT('',(-0.0300000000000012,-11.8007146317562,9.25));
#3047=CARTESIAN_POINT('',(0.779999999999999,-12.5507146317562,9.25));
#3048=CARTESIAN_POINT('',(0.779999999999999,-12.5507146317562,9.55));
#3049=CARTESIAN_POINT('',(0.779999999999999,-11.8007146317562,9.55));
#3050=CARTESIAN_POINT('',(0.779999999999999,-11.8007146317562,9.25));
#3051=CARTESIAN_POINT('',(0.779999999999999,-12.5507146317562,9.55));
#3052=CARTESIAN_POINT('',(0.779999999999999,-12.5507146317562,9.55));
#3053=CARTESIAN_POINT('',(0.0299999999999992,-12.5507146317562,9.55));
#3054=CARTESIAN_POINT('',(-0.0300000000000012,-12.5507146317562,9.55));
#3055=CARTESIAN_POINT('',(0.0299999999999993,-11.8007146317562,9.55));
#3056=CARTESIAN_POINT('',(-0.0300000000000012,-11.8007146317562,9.55));
#3057=CARTESIAN_POINT('',(0.,-12.5507146317562,0.));
#3058=CARTESIAN_POINT('',(0.0299999999999993,-12.5507146317562,9.55));
#3059=CARTESIAN_POINT('',(-0.0300000000000012,-12.5507146317562,9.25));
#3060=CARTESIAN_POINT('',(-0.0300000000000029,-11.8007146317562,5.3754561492984E-18));
#3061=CARTESIAN_POINT('',(-2.57,-11.8007146317562,3.24689699341096E-15));
#3062=CARTESIAN_POINT('',(-2.51,-11.8007146317562,1.3568623154708E-15));
#3063=CARTESIAN_POINT('',(2.57,-11.8007146317562,4.18350189535641E-15));
#3064=CARTESIAN_POINT('',(2.51,-11.8007146317562,2.27160095511404E-15));
#3065=CARTESIAN_POINT('',(0.0299999999999976,-11.8007146317562,-5.37545614929744E-18));
#3066=CARTESIAN_POINT('',(-7.50512873128692,5.68157774038798,8.300375));
#3067=CARTESIAN_POINT('',(7.50512873128692,5.68157774038798,8.300375));
#3068=CARTESIAN_POINT('',(4.52117631376839,7.48417733084584,1.219625));
#3069=CARTESIAN_POINT('',(-4.52117631376839,7.48417733084584,1.219625));
#3070=CARTESIAN_POINT('',(-1.76125000000002,3.40615068322053,15.2418413296377));
#3071=CARTESIAN_POINT('',(-4.40164827858053,5.05268324550948,11.540289882858));
#3072=CARTESIAN_POINT('',(-4.43031241943811,4.90216799705397,11.4937841103459));
#3073=CARTESIAN_POINT('',(-4.44390854635073,4.74338967288282,11.4772117283322));
#3074=CARTESIAN_POINT('',(-4.44493512304644,4.58401894343593,11.4929003795639));
#3075=CARTESIAN_POINT('',(-4.44383318256638,4.55323102459097,11.7973812771207));
#3076=CARTESIAN_POINT('',(-4.43946990872704,4.71290701665138,11.7816625754607));
#3077=CARTESIAN_POINT('',(-4.4222773087472,4.87168590802749,11.7983595023284));
#3078=CARTESIAN_POINT('',(-4.38992732158043,5.02189532666452,11.8447707804148));
#3079=CARTESIAN_POINT('',(1.76125000000002,4.50510428786699,11.6850941580578));
#3080=CARTESIAN_POINT('',(4.44493512304644,4.58401894343593,11.4929003795639));
#3081=CARTESIAN_POINT('',(4.44390864762488,4.74337395059371,11.4772132760537));
#3082=CARTESIAN_POINT('',(4.43031605226211,4.90214892111483,11.4937782163166));
#3083=CARTESIAN_POINT('',(4.40164827858053,5.05268324550948,11.540289882858));
#3084=CARTESIAN_POINT('',(4.38992732158043,5.02189532666452,11.8447707804148));
#3085=CARTESIAN_POINT('',(4.42227169766289,4.87171196175379,11.7983675523345));
#3086=CARTESIAN_POINT('',(4.43946966159508,4.71291606055779,11.7816616851673));
#3087=CARTESIAN_POINT('',(4.44383318256637,4.55323102459097,11.7973812771206));
#3088=CARTESIAN_POINT('',(4.445,4.67000851300737,12.9836472752));
#3089=CARTESIAN_POINT('',(4.445,4.70079643185232,12.6791663776432));
#3090=CARTESIAN_POINT('',(-1.76,-9.35071463175624,1.78));
#3091=CARTESIAN_POINT('',(-0.780000000000001,-9.35071463175624,9.4));
#3092=CARTESIAN_POINT('',(3.32,-9.35071463175624,1.78));
#3093=MECHANICAL_DESIGN_GEOMETRIC_PRESENTATION_REPRESENTATION('',(#1813),
#3094);
#3094=(
GEOMETRIC_REPRESENTATION_CONTEXT(3)
GLOBAL_UNCERTAINTY_ASSIGNED_CONTEXT((#3095))
GLOBAL_UNIT_ASSIGNED_CONTEXT((#3098,#3097,#3096))
REPRESENTATION_CONTEXT('PRT-13113','TOP_LEVEL_ASSEMBLY_PART')
);
#3095=UNCERTAINTY_MEASURE_WITH_UNIT(LENGTH_MEASURE(0.005),#3098,
'DISTANCE_ACCURACY_VALUE','Maximum Tolerance applied to model');
#3096=(
NAMED_UNIT(*)
SI_UNIT($,.STERADIAN.)
SOLID_ANGLE_UNIT()
);
#3097=(
NAMED_UNIT(*)
PLANE_ANGLE_UNIT()
SI_UNIT($,.RADIAN.)
);
#3098=(
LENGTH_UNIT()
NAMED_UNIT(*)
SI_UNIT(.MILLI.,.METRE.)
);
#3099=PRODUCT_DEFINITION_SHAPE('','',#3100);
#3100=PRODUCT_DEFINITION('','',#3102,#3101);
#3101=PRODUCT_DEFINITION_CONTEXT('',#3108,'design');
#3102=PRODUCT_DEFINITION_FORMATION_WITH_SPECIFIED_SOURCE('','',#3104,
 .NOT_KNOWN.);
#3103=PRODUCT_RELATED_PRODUCT_CATEGORY('','',(#3104));
#3104=PRODUCT('PRT-13113','PRT-13113','PRT-13113',(#3106));
#3105=PRODUCT_CATEGORY('','');
#3106=PRODUCT_CONTEXT('',#3108,'mechanical');
#3107=APPLICATION_PROTOCOL_DEFINITION('international standard',
'automotive_design',2010,#3108);
#3108=APPLICATION_CONTEXT(
'core data for automotive mechanical design processes');
ENDSEC;
END-ISO-10303-21;
